{
  "id" : "981d81f5-505c-4456-9536-111347189115",
  "name" : "viacep.com.br_ws_01017903_json",
  "request" : {
    "url" : "/viacep.com.br/ws/01017903/json/",
    "method" : "GET"
  },
  "response" : {
    "status" : 200,
    "body" : "{\n  \"cep\": \"01017-903\",\n  \"logradouro\": \"Rua Roberto Simonsen\",\n  \"complemento\": \"106\",\n  \"unidade\": \"Primeiro Cartório de Registros de Títulos e Documentos\",\n  \"bairro\": \"Sé\",\n  \"localidade\": \"São Paulo\",\n  \"uf\": \"SP\",\n  \"estado\": \"São Paulo\",\n  \"regiao\": \"Sudeste\",\n  \"ibge\": \"3550308\",\n  \"gia\": \"1004\",\n  \"ddd\": \"11\",\n  \"siafi\": \"7107\"\n}",
    "headers" : {
      "Cache-Control" : [ "max-age=3600", "public" ],
      "Server" : "nginx/1.22.0",
      "Access-Control-Allow-Origin" : "*",
      "Access-Control-Allow-Credentials" : "true",
      "Access-Control-Allow-Methods" : "GET",
      "Pragma" : "public",
      "Expires" : "Sat, 30 Nov 2024 04:42:44 GMT",
      "Access-Control-Max-Age" : "86400",
      "Access-Control-Allow-Headers" : "Content-Type, X-Request-With, X-Requested-By",
      "Date" : "Sat, 30 Nov 2024 03:42:44 GMT",
      "Content-Type" : "application/json; charset=utf-8"
    }
  },
  "uuid" : "981d81f5-505c-4456-9536-111347189115",
  "persistent" : true,
  "scenarioName" : "scenario-1507-viacep.com.br-ws-01017903-json",
  "requiredScenarioState" : "Started",
  "newScenarioState" : "scenario-1507-viacep.com.br-ws-01017903-json-2",
  "insertionIndex" : 3294
}