{
  "id" : "2b84df1a-c3b8-43be-be1e-e4b5461e6880",
  "name" : "viacep.com.br_ws_01011900_json",
  "request" : {
    "url" : "/viacep.com.br/ws/01011900/json/",
    "method" : "GET"
  },
  "response" : {
    "status" : 200,
    "body" : "{\n  \"cep\": \"01011-900\",\n  \"logradouro\": \"Rua São Bento\",\n  \"complemento\": \"59\",\n  \"unidade\": \"Edifício Kosmos\",\n  \"bairro\": \"Centro\",\n  \"localidade\": \"São Paulo\",\n  \"uf\": \"SP\",\n  \"estado\": \"São Paulo\",\n  \"regiao\": \"Sudeste\",\n  \"ibge\": \"3550308\",\n  \"gia\": \"1004\",\n  \"ddd\": \"11\",\n  \"siafi\": \"7107\"\n}",
    "headers" : {
      "Cache-Control" : [ "max-age=3600", "public" ],
      "Server" : "nginx/1.22.0",
      "Access-Control-Allow-Origin" : "*",
      "Access-Control-Allow-Credentials" : "true",
      "Access-Control-Allow-Methods" : "GET",
      "Pragma" : "public",
      "Expires" : "Sat, 30 Nov 2024 04:36:00 GMT",
      "Access-Control-Max-Age" : "86400",
      "Access-Control-Allow-Headers" : "Content-Type, X-Request-With, X-Requested-By",
      "Date" : "Sat, 30 Nov 2024 03:36:00 GMT",
      "Content-Type" : "application/json; charset=utf-8"
    }
  },
  "uuid" : "2b84df1a-c3b8-43be-be1e-e4b5461e6880",
  "persistent" : true,
  "scenarioName" : "scenario-33-viacep.com.br-ws-01011900-json",
  "requiredScenarioState" : "scenario-33-viacep.com.br-ws-01011900-json-2",
  "insertionIndex" : 65
}