{
  "id" : "8209289a-d726-495c-81ac-b754680db154",
  "name" : "viacep.com.br_ws_01011901_json",
  "request" : {
    "url" : "/viacep.com.br/ws/01011901/json/",
    "method" : "GET"
  },
  "response" : {
    "status" : 200,
    "body" : "{\n  \"cep\": \"01011-901\",\n  \"logradouro\": \"Rua São Bento\",\n  \"complemento\": \"279\",\n  \"unidade\": \"Edifício Germaine Lucie Burchard\",\n  \"bairro\": \"Centro\",\n  \"localidade\": \"São Paulo\",\n  \"uf\": \"SP\",\n  \"estado\": \"São Paulo\",\n  \"regiao\": \"Sudeste\",\n  \"ibge\": \"3550308\",\n  \"gia\": \"1004\",\n  \"ddd\": \"11\",\n  \"siafi\": \"7107\"\n}",
    "headers" : {
      "Cache-Control" : [ "max-age=3600", "public" ],
      "Server" : "nginx/1.22.0",
      "Access-Control-Allow-Origin" : "*",
      "Access-Control-Allow-Credentials" : "true",
      "Access-Control-Allow-Methods" : "GET",
      "Pragma" : "public",
      "Expires" : "Sat, 30 Nov 2024 04:36:02 GMT",
      "Access-Control-Max-Age" : "86400",
      "Access-Control-Allow-Headers" : "Content-Type, X-Request-With, X-Requested-By",
      "Date" : "Sat, 30 Nov 2024 03:36:02 GMT",
      "Content-Type" : "application/json; charset=utf-8"
    }
  },
  "uuid" : "8209289a-d726-495c-81ac-b754680db154",
  "persistent" : true,
  "scenarioName" : "scenario-32-viacep.com.br-ws-01011901-json",
  "requiredScenarioState" : "Started",
  "newScenarioState" : "scenario-32-viacep.com.br-ws-01011901-json-2",
  "insertionIndex" : 64
}