{
  "id" : "68060e22-717d-4c8a-9e1c-29585fa7a9b7",
  "name" : "viacep.com.br_ws_01026010_json",
  "request" : {
    "url" : "/viacep.com.br/ws/01026010/json/",
    "method" : "GET"
  },
  "response" : {
    "status" : 200,
    "body" : "{\n  \"cep\": \"01026-010\",\n  \"logradouro\": \"Avenida Mercúrio\",\n  \"complemento\": \"de 451/452 ao fim\",\n  \"unidade\": \"\",\n  \"bairro\": \"Centro\",\n  \"localidade\": \"São Paulo\",\n  \"uf\": \"SP\",\n  \"estado\": \"São Paulo\",\n  \"regiao\": \"Sudeste\",\n  \"ibge\": \"3550308\",\n  \"gia\": \"1004\",\n  \"ddd\": \"11\",\n  \"siafi\": \"7107\"\n}",
    "headers" : {
      "Cache-Control" : [ "max-age=3600", "public" ],
      "Server" : "nginx/1.22.0",
      "Access-Control-Allow-Origin" : "*",
      "Access-Control-Allow-Credentials" : "true",
      "Access-Control-Allow-Methods" : "GET",
      "Pragma" : "public",
      "Expires" : "Sat, 30 Nov 2024 04:42:51 GMT",
      "Access-Control-Max-Age" : "86400",
      "Access-Control-Allow-Headers" : "Content-Type, X-Request-With, X-Requested-By",
      "Date" : "Sat, 30 Nov 2024 03:42:51 GMT",
      "Content-Type" : "application/json; charset=utf-8"
    }
  },
  "uuid" : "68060e22-717d-4c8a-9e1c-29585fa7a9b7",
  "persistent" : true,
  "scenarioName" : "scenario-1433-viacep.com.br-ws-01026010-json",
  "requiredScenarioState" : "scenario-1433-viacep.com.br-ws-01026010-json-2",
  "insertionIndex" : 3142
}