{
  "id" : "615d2ba2-3f4a-4212-8ec6-0d62e776804c",
  "name" : "viacep.com.br_ws_01023040_json",
  "request" : {
    "url" : "/viacep.com.br/ws/01023040/json/",
    "method" : "GET"
  },
  "response" : {
    "status" : 200,
    "body" : "{\n  \"cep\": \"01023-040\",\n  \"logradouro\": \"Rua Comendador Afonso Kherlakian\",\n  \"complemento\": \"\",\n  \"unidade\": \"\",\n  \"bairro\": \"Centro\",\n  \"localidade\": \"São Paulo\",\n  \"uf\": \"SP\",\n  \"estado\": \"São Paulo\",\n  \"regiao\": \"Sudeste\",\n  \"ibge\": \"3550308\",\n  \"gia\": \"1004\",\n  \"ddd\": \"11\",\n  \"siafi\": \"7107\"\n}",
    "headers" : {
      "Cache-Control" : [ "max-age=3600", "public" ],
      "Server" : "nginx/1.22.0",
      "Access-Control-Allow-Origin" : "*",
      "Access-Control-Allow-Credentials" : "true",
      "Access-Control-Allow-Methods" : "GET",
      "Pragma" : "public",
      "Expires" : "Sat, 30 Nov 2024 04:42:49 GMT",
      "Access-Control-Max-Age" : "86400",
      "Access-Control-Allow-Headers" : "Content-Type, X-Request-With, X-Requested-By",
      "Date" : "Sat, 30 Nov 2024 03:42:49 GMT",
      "Content-Type" : "application/json; charset=utf-8"
    }
  },
  "uuid" : "615d2ba2-3f4a-4212-8ec6-0d62e776804c",
  "persistent" : true,
  "scenarioName" : "scenario-1453-viacep.com.br-ws-01023040-json",
  "requiredScenarioState" : "scenario-1453-viacep.com.br-ws-01023040-json-2",
  "insertionIndex" : 3178
}