{
  "id" : "4d5c0e54-2713-4c00-99d6-2af7e7180f91",
  "name" : "viacep.com.br_ws_01010905_json",
  "request" : {
    "url" : "/viacep.com.br/ws/01010905/json/",
    "method" : "GET"
  },
  "response" : {
    "status" : 200,
    "body" : "{\n  \"cep\": \"01010-905\",\n  \"logradouro\": \"Rua São Bento\",\n  \"complemento\": \"470\",\n  \"unidade\": \"Edifício Diogo Lara Neto\",\n  \"bairro\": \"Centro\",\n  \"localidade\": \"São Paulo\",\n  \"uf\": \"SP\",\n  \"estado\": \"São Paulo\",\n  \"regiao\": \"Sudeste\",\n  \"ibge\": \"3550308\",\n  \"gia\": \"1004\",\n  \"ddd\": \"11\",\n  \"siafi\": \"7107\"\n}",
    "headers" : {
      "Cache-Control" : [ "max-age=3600", "public" ],
      "Server" : "nginx/1.22.0",
      "Access-Control-Allow-Origin" : "*",
      "Access-Control-Allow-Credentials" : "true",
      "Access-Control-Allow-Methods" : "GET",
      "Pragma" : "public",
      "Expires" : "Sat, 30 Nov 2024 04:35:51 GMT",
      "Access-Control-Max-Age" : "86400",
      "Access-Control-Allow-Headers" : "Content-Type, X-Request-With, X-Requested-By",
      "Date" : "Sat, 30 Nov 2024 03:35:51 GMT",
      "Content-Type" : "application/json; charset=utf-8"
    }
  },
  "uuid" : "4d5c0e54-2713-4c00-99d6-2af7e7180f91",
  "persistent" : true,
  "scenarioName" : "scenario-36-viacep.com.br-ws-01010905-json",
  "requiredScenarioState" : "scenario-36-viacep.com.br-ws-01010905-json-2",
  "insertionIndex" : 71
}