{
  "id" : "1e65cd76-05e2-4f19-ad43-67e202b89019",
  "name" : "viacep.com.br_ws_01007900_json",
  "request" : {
    "url" : "/viacep.com.br/ws/01007900/json/",
    "method" : "GET"
  },
  "response" : {
    "status" : 200,
    "body" : "{\n  \"cep\": \"01007-900\",\n  \"logradouro\": \"Rua Doutor Faria Pereira\",\n  \"complemento\": \"56\",\n  \"unidade\": \"Edifício Conde Francisco Matarazzo\",\n  \"bairro\": \"Centro\",\n  \"localidade\": \"São Paulo\",\n  \"uf\": \"SP\",\n  \"estado\": \"São Paulo\",\n  \"regiao\": \"Sudeste\",\n  \"ibge\": \"3550308\",\n  \"gia\": \"1004\",\n  \"ddd\": \"11\",\n  \"siafi\": \"7107\"\n}",
    "headers" : {
      "Cache-Control" : [ "max-age=3600", "public" ],
      "Server" : "nginx/1.22.0",
      "Access-Control-Allow-Origin" : "*",
      "Access-Control-Allow-Credentials" : "true",
      "Access-Control-Allow-Methods" : "GET",
      "Pragma" : "public",
      "Expires" : "Sat, 30 Nov 2024 04:34:21 GMT",
      "Access-Control-Max-Age" : "86400",
      "Access-Control-Allow-Headers" : "Content-Type, X-Request-With, X-Requested-By",
      "Date" : "Sat, 30 Nov 2024 03:34:21 GMT",
      "Content-Type" : "application/json; charset=utf-8"
    }
  },
  "uuid" : "1e65cd76-05e2-4f19-ad43-67e202b89019",
  "persistent" : true,
  "scenarioName" : "scenario-68-viacep.com.br-ws-01007900-json",
  "requiredScenarioState" : "Started",
  "newScenarioState" : "scenario-68-viacep.com.br-ws-01007900-json-2",
  "insertionIndex" : 136
}