{
  "id" : "a6dd4ba3-3028-47e6-a9dc-b740c78b0d59",
  "name" : "viacep.com.br_ws_01013913_json",
  "request" : {
    "url" : "/viacep.com.br/ws/01013913/json/",
    "method" : "GET"
  },
  "response" : {
    "status" : 200,
    "body" : "{\n  \"cep\": \"01013-913\",\n  \"logradouro\": \"Rua Quinze de Novembro\",\n  \"complemento\": \"269\",\n  \"unidade\": \"Edifício Joaquim Borges\",\n  \"bairro\": \"Centro\",\n  \"localidade\": \"São Paulo\",\n  \"uf\": \"SP\",\n  \"estado\": \"São Paulo\",\n  \"regiao\": \"Sudeste\",\n  \"ibge\": \"3550308\",\n  \"gia\": \"1004\",\n  \"ddd\": \"11\",\n  \"siafi\": \"7107\"\n}",
    "headers" : {
      "Cache-Control" : [ "max-age=3600", "public" ],
      "Server" : "nginx/1.22.0",
      "Access-Control-Allow-Origin" : "*",
      "Access-Control-Allow-Credentials" : "true",
      "Access-Control-Allow-Methods" : "GET",
      "Pragma" : "public",
      "Expires" : "Sat, 30 Nov 2024 04:37:15 GMT",
      "Access-Control-Max-Age" : "86400",
      "Access-Control-Allow-Headers" : "Content-Type, X-Request-With, X-Requested-By",
      "Date" : "Sat, 30 Nov 2024 03:37:15 GMT",
      "Content-Type" : "application/json; charset=utf-8"
    }
  },
  "uuid" : "a6dd4ba3-3028-47e6-a9dc-b740c78b0d59",
  "persistent" : true,
  "scenarioName" : "scenario-6-viacep.com.br-ws-01013913-json",
  "requiredScenarioState" : "scenario-6-viacep.com.br-ws-01013913-json-2",
  "insertionIndex" : 11
}