{
  "id" : "bf3644ff-8289-4394-ab78-1dd298e35293",
  "name" : "viacep.com.br_ws_01009906_json",
  "request" : {
    "url" : "/viacep.com.br/ws/01009906/json/",
    "method" : "GET"
  },
  "response" : {
    "status" : 200,
    "body" : "{\n  \"cep\": \"01009-906\",\n  \"logradouro\": \"Rua Líbero Badaró\",\n  \"complemento\": \"377\",\n  \"unidade\": \"Edifício Mercantil Finasa\",\n  \"bairro\": \"Centro\",\n  \"localidade\": \"São Paulo\",\n  \"uf\": \"SP\",\n  \"estado\": \"São Paulo\",\n  \"regiao\": \"Sudeste\",\n  \"ibge\": \"3550308\",\n  \"gia\": \"1004\",\n  \"ddd\": \"11\",\n  \"siafi\": \"7107\"\n}",
    "headers" : {
      "Cache-Control" : [ "max-age=3600", "public" ],
      "Server" : "nginx/1.22.0",
      "Access-Control-Allow-Origin" : "*",
      "Access-Control-Allow-Credentials" : "true",
      "Access-Control-Allow-Methods" : "GET",
      "Pragma" : "public",
      "Expires" : "Sat, 30 Nov 2024 04:35:17 GMT",
      "Access-Control-Max-Age" : "86400",
      "Access-Control-Allow-Headers" : "Content-Type, X-Request-With, X-Requested-By",
      "Date" : "Sat, 30 Nov 2024 03:35:17 GMT",
      "Content-Type" : "application/json; charset=utf-8"
    }
  },
  "uuid" : "bf3644ff-8289-4394-ab78-1dd298e35293",
  "persistent" : true,
  "scenarioName" : "scenario-48-viacep.com.br-ws-01009906-json",
  "requiredScenarioState" : "scenario-48-viacep.com.br-ws-01009906-json-2",
  "insertionIndex" : 95
}