{
  "id" : "54a79d94-2c11-4eef-b4ac-7c09b4028736",
  "name" : "viacep.com.br_ws_01020902_json",
  "request" : {
    "url" : "/viacep.com.br/ws/01020902/json/",
    "method" : "GET"
  },
  "response" : {
    "status" : 200,
    "body" : "{\n  \"cep\": \"01020-902\",\n  \"logradouro\": \"Rua Tabatinguera\",\n  \"complemento\": \"167\",\n  \"unidade\": \"Edifício São Paulo.\",\n  \"bairro\": \"Sé\",\n  \"localidade\": \"São Paulo\",\n  \"uf\": \"SP\",\n  \"estado\": \"São Paulo\",\n  \"regiao\": \"Sudeste\",\n  \"ibge\": \"3550308\",\n  \"gia\": \"1004\",\n  \"ddd\": \"11\",\n  \"siafi\": \"7107\"\n}",
    "headers" : {
      "Cache-Control" : [ "max-age=3600", "public" ],
      "Server" : "nginx/1.22.0",
      "Access-Control-Allow-Origin" : "*",
      "Access-Control-Allow-Credentials" : "true",
      "Access-Control-Allow-Methods" : "GET",
      "Pragma" : "public",
      "Expires" : "Sat, 30 Nov 2024 04:42:47 GMT",
      "Access-Control-Max-Age" : "86400",
      "Access-Control-Allow-Headers" : "Content-Type, X-Request-With, X-Requested-By",
      "Date" : "Sat, 30 Nov 2024 03:42:47 GMT",
      "Content-Type" : "application/json; charset=utf-8"
    }
  },
  "uuid" : "54a79d94-2c11-4eef-b4ac-7c09b4028736",
  "persistent" : true,
  "scenarioName" : "scenario-1479-viacep.com.br-ws-01020902-json",
  "requiredScenarioState" : "Started",
  "newScenarioState" : "scenario-1479-viacep.com.br-ws-01020902-json-2",
  "insertionIndex" : 3236
}