{
  "id" : "e574b6e2-b3b6-4cb9-a723-98fa6c878783",
  "name" : "viacep.com.br_ws_01005020_json",
  "request" : {
    "url" : "/viacep.com.br/ws/01005020/json/",
    "method" : "GET"
  },
  "response" : {
    "status" : 200,
    "body" : "{\n  \"cep\": \"01005-020\",\n  \"logradouro\": \"Rua São Francisco\",\n  \"complemento\": \"\",\n  \"unidade\": \"\",\n  \"bairro\": \"Sé\",\n  \"localidade\": \"São Paulo\",\n  \"uf\": \"SP\",\n  \"estado\": \"São Paulo\",\n  \"regiao\": \"Sudeste\",\n  \"ibge\": \"3550308\",\n  \"gia\": \"1004\",\n  \"ddd\": \"11\",\n  \"siafi\": \"7107\"\n}",
    "headers" : {
      "Cache-Control" : [ "max-age=3600", "public" ],
      "Server" : "nginx/1.22.0",
      "Access-Control-Allow-Origin" : "*",
      "Access-Control-Allow-Credentials" : "true",
      "Access-Control-Allow-Methods" : "GET",
      "Pragma" : "public",
      "Expires" : "Sat, 30 Nov 2024 04:33:22 GMT",
      "Access-Control-Max-Age" : "86400",
      "Access-Control-Allow-Headers" : "Content-Type, X-Request-With, X-Requested-By",
      "Date" : "Sat, 30 Nov 2024 03:33:22 GMT",
      "Content-Type" : "application/json; charset=utf-8"
    }
  },
  "uuid" : "e574b6e2-b3b6-4cb9-a723-98fa6c878783",
  "persistent" : true,
  "scenarioName" : "scenario-89-viacep.com.br-ws-01005020-json",
  "requiredScenarioState" : "Started",
  "newScenarioState" : "scenario-89-viacep.com.br-ws-01005020-json-2",
  "insertionIndex" : 178
}