{
  "id" : "fb14f36d-afa4-4f03-a7b9-e7d87adf127f",
  "name" : "viacep.com.br_ws_01012020_json",
  "request" : {
    "url" : "/viacep.com.br/ws/01012020/json/",
    "method" : "GET"
  },
  "response" : {
    "status" : 200,
    "body" : "{\n  \"cep\": \"01012-020\",\n  \"logradouro\": \"Largo da Misericórdia\",\n  \"complemento\": \"\",\n  \"unidade\": \"\",\n  \"bairro\": \"Centro\",\n  \"localidade\": \"São Paulo\",\n  \"uf\": \"SP\",\n  \"estado\": \"São Paulo\",\n  \"regiao\": \"Sudeste\",\n  \"ibge\": \"3550308\",\n  \"gia\": \"1004\",\n  \"ddd\": \"11\",\n  \"siafi\": \"7107\"\n}",
    "headers" : {
      "Cache-Control" : [ "max-age=3600", "public" ],
      "Server" : "nginx/1.22.0",
      "Access-Control-Allow-Origin" : "*",
      "Access-Control-Allow-Credentials" : "true",
      "Access-Control-Allow-Methods" : "GET",
      "Pragma" : "public",
      "Expires" : "Sat, 30 Nov 2024 04:36:19 GMT",
      "Access-Control-Max-Age" : "86400",
      "Access-Control-Allow-Headers" : "Content-Type, X-Request-With, X-Requested-By",
      "Date" : "Sat, 30 Nov 2024 03:36:19 GMT",
      "Content-Type" : "application/json; charset=utf-8"
    }
  },
  "uuid" : "fb14f36d-afa4-4f03-a7b9-e7d87adf127f",
  "persistent" : true,
  "scenarioName" : "scenario-26-viacep.com.br-ws-01012020-json",
  "requiredScenarioState" : "Started",
  "newScenarioState" : "scenario-26-viacep.com.br-ws-01012020-json-2",
  "insertionIndex" : 52
}