{
  "id" : "475ec653-997c-4d4c-96f5-6dd5a769940d",
  "name" : "viacep.com.br_ws_01003001_json",
  "request" : {
    "url" : "/viacep.com.br/ws/01003001/json/",
    "method" : "GET"
  },
  "response" : {
    "status" : 200,
    "body" : "{\n  \"cep\": \"01003-001\",\n  \"logradouro\": \"Rua José Bonifácio\",\n  \"complemento\": \"lado ímpar\",\n  \"unidade\": \"\",\n  \"bairro\": \"Sé\",\n  \"localidade\": \"São Paulo\",\n  \"uf\": \"SP\",\n  \"estado\": \"São Paulo\",\n  \"regiao\": \"Sudeste\",\n  \"ibge\": \"3550308\",\n  \"gia\": \"1004\",\n  \"ddd\": \"11\",\n  \"siafi\": \"7107\"\n}",
    "headers" : {
      "Cache-Control" : [ "max-age=3600", "public" ],
      "Server" : "nginx/1.22.0",
      "Access-Control-Allow-Origin" : "*",
      "Access-Control-Allow-Credentials" : "true",
      "Access-Control-Allow-Methods" : "GET",
      "Pragma" : "public",
      "Expires" : "Sat, 30 Nov 2024 04:32:31 GMT",
      "Access-Control-Max-Age" : "86400",
      "Access-Control-Allow-Headers" : "Content-Type, X-Request-With, X-Requested-By",
      "Date" : "Sat, 30 Nov 2024 03:32:31 GMT",
      "Content-Type" : "application/json; charset=utf-8"
    }
  },
  "uuid" : "475ec653-997c-4d4c-96f5-6dd5a769940d",
  "persistent" : true,
  "scenarioName" : "scenario-106-viacep.com.br-ws-01003001-json",
  "requiredScenarioState" : "Started",
  "newScenarioState" : "scenario-106-viacep.com.br-ws-01003001-json-2",
  "insertionIndex" : 212
}