{
  "id" : "8f2618d2-f254-4d2d-b407-d653f0255bea",
  "name" : "viacep.com.br_ws_01009904_json",
  "request" : {
    "url" : "/viacep.com.br/ws/01009904/json/",
    "method" : "GET"
  },
  "response" : {
    "status" : 200,
    "body" : "{\n  \"cep\": \"01009-904\",\n  \"logradouro\": \"Rua Líbero Badaró\",\n  \"complemento\": \"633\",\n  \"unidade\": \"Banco Mitsubishi Brasileiro S.A.\",\n  \"bairro\": \"Centro\",\n  \"localidade\": \"São Paulo\",\n  \"uf\": \"SP\",\n  \"estado\": \"São Paulo\",\n  \"regiao\": \"Sudeste\",\n  \"ibge\": \"3550308\",\n  \"gia\": \"1004\",\n  \"ddd\": \"11\",\n  \"siafi\": \"7107\"\n}",
    "headers" : {
      "Cache-Control" : [ "max-age=3600", "public" ],
      "Server" : "nginx/1.22.0",
      "Access-Control-Allow-Origin" : "*",
      "Access-Control-Allow-Credentials" : "true",
      "Access-Control-Allow-Methods" : "GET",
      "Pragma" : "public",
      "Expires" : "Sat, 30 Nov 2024 04:35:11 GMT",
      "Access-Control-Max-Age" : "86400",
      "Access-Control-Allow-Headers" : "Content-Type, X-Request-With, X-Requested-By",
      "Date" : "Sat, 30 Nov 2024 03:35:11 GMT",
      "Content-Type" : "application/json; charset=utf-8"
    }
  },
  "uuid" : "8f2618d2-f254-4d2d-b407-d653f0255bea",
  "persistent" : true,
  "scenarioName" : "scenario-50-viacep.com.br-ws-01009904-json",
  "requiredScenarioState" : "Started",
  "newScenarioState" : "scenario-50-viacep.com.br-ws-01009904-json-2",
  "insertionIndex" : 100
}