{
  "id" : "01d3dcde-1380-4566-9448-3dbd78a82050",
  "name" : "viacep.com.br_ws_01009907_json",
  "request" : {
    "url" : "/viacep.com.br/ws/01009907/json/",
    "method" : "GET"
  },
  "response" : {
    "status" : 200,
    "body" : "{\n  \"cep\": \"01009-907\",\n  \"logradouro\": \"Rua Líbero Badaró\",\n  \"complemento\": \"293\",\n  \"unidade\": \"Edifício Conde Prates\",\n  \"bairro\": \"Centro\",\n  \"localidade\": \"São Paulo\",\n  \"uf\": \"SP\",\n  \"estado\": \"São Paulo\",\n  \"regiao\": \"Sudeste\",\n  \"ibge\": \"3550308\",\n  \"gia\": \"1004\",\n  \"ddd\": \"11\",\n  \"siafi\": \"7107\"\n}",
    "headers" : {
      "Cache-Control" : [ "max-age=3600", "public" ],
      "Server" : "nginx/1.22.0",
      "Access-Control-Allow-Origin" : "*",
      "Access-Control-Allow-Credentials" : "true",
      "Access-Control-Allow-Methods" : "GET",
      "Pragma" : "public",
      "Expires" : "Sat, 30 Nov 2024 04:35:20 GMT",
      "Access-Control-Max-Age" : "86400",
      "Access-Control-Allow-Headers" : "Content-Type, X-Request-With, X-Requested-By",
      "Date" : "Sat, 30 Nov 2024 03:35:20 GMT",
      "Content-Type" : "application/json; charset=utf-8"
    }
  },
  "uuid" : "01d3dcde-1380-4566-9448-3dbd78a82050",
  "persistent" : true,
  "scenarioName" : "scenario-47-viacep.com.br-ws-01009907-json",
  "requiredScenarioState" : "scenario-47-viacep.com.br-ws-01009907-json-2",
  "insertionIndex" : 93
}