{
  "id" : "4b6c1e70-e314-4e00-9e21-604ab1579eac",
  "name" : "viacep.com.br_ws_01014911_json",
  "request" : {
    "url" : "/viacep.com.br/ws/01014911/json/",
    "method" : "GET"
  },
  "response" : {
    "status" : 200,
    "body" : "{\n  \"cep\": \"01014-911\",\n  \"logradouro\": \"Rua Boa Vista\",\n  \"complemento\": \"51\",\n  \"unidade\": \"Associação Comercial de São Paulo\",\n  \"bairro\": \"Centro\",\n  \"localidade\": \"São Paulo\",\n  \"uf\": \"SP\",\n  \"estado\": \"São Paulo\",\n  \"regiao\": \"Sudeste\",\n  \"ibge\": \"3550308\",\n  \"gia\": \"1004\",\n  \"ddd\": \"11\",\n  \"siafi\": \"7107\"\n}",
    "headers" : {
      "Cache-Control" : [ "max-age=3600", "public" ],
      "Server" : "nginx/1.22.0",
      "Access-Control-Allow-Origin" : "*",
      "Access-Control-Allow-Credentials" : "true",
      "Access-Control-Allow-Methods" : "GET",
      "Pragma" : "public",
      "Expires" : "Sat, 30 Nov 2024 04:42:41 GMT",
      "Access-Control-Max-Age" : "86400",
      "Access-Control-Allow-Headers" : "Content-Type, X-Request-With, X-Requested-By",
      "Date" : "Sat, 30 Nov 2024 03:42:41 GMT",
      "Content-Type" : "application/json; charset=utf-8"
    }
  },
  "uuid" : "4b6c1e70-e314-4e00-9e21-604ab1579eac",
  "persistent" : true,
  "scenarioName" : "scenario-1543-viacep.com.br-ws-01014911-json",
  "requiredScenarioState" : "scenario-1543-viacep.com.br-ws-01014911-json-2",
  "insertionIndex" : 3356
}