{
  "id" : "7a07033c-775f-4d42-ac49-449cef997b05",
  "name" : "viacep.com.br_ws_01010902_json",
  "request" : {
    "url" : "/viacep.com.br/ws/01010902/json/",
    "method" : "GET"
  },
  "response" : {
    "status" : 200,
    "body" : "{\n  \"cep\": \"01010-902\",\n  \"logradouro\": \"Rua São Bento\",\n  \"complemento\": \"290\",\n  \"unidade\": \"Edifício York\",\n  \"bairro\": \"Centro\",\n  \"localidade\": \"São Paulo\",\n  \"uf\": \"SP\",\n  \"estado\": \"São Paulo\",\n  \"regiao\": \"Sudeste\",\n  \"ibge\": \"3550308\",\n  \"gia\": \"1004\",\n  \"ddd\": \"11\",\n  \"siafi\": \"7107\"\n}",
    "headers" : {
      "Cache-Control" : [ "max-age=3600", "public" ],
      "Server" : "nginx/1.22.0",
      "Access-Control-Allow-Origin" : "*",
      "Access-Control-Allow-Credentials" : "true",
      "Access-Control-Allow-Methods" : "GET",
      "Pragma" : "public",
      "Expires" : "Sat, 30 Nov 2024 04:35:43 GMT",
      "Access-Control-Max-Age" : "86400",
      "Access-Control-Allow-Headers" : "Content-Type, X-Request-With, X-Requested-By",
      "Date" : "Sat, 30 Nov 2024 03:35:43 GMT",
      "Content-Type" : "application/json; charset=utf-8"
    }
  },
  "uuid" : "7a07033c-775f-4d42-ac49-449cef997b05",
  "persistent" : true,
  "scenarioName" : "scenario-39-viacep.com.br-ws-01010902-json",
  "requiredScenarioState" : "scenario-39-viacep.com.br-ws-01010902-json-2",
  "insertionIndex" : 77
}