{
  "id" : "75d4e1d6-4b53-42cf-b084-fa37fae7b6e9",
  "name" : "viacep.com.br_ws_01007000_json",
  "request" : {
    "url" : "/viacep.com.br/ws/01007000/json/",
    "method" : "GET"
  },
  "response" : {
    "status" : 200,
    "body" : "{\n  \"cep\": \"01007-000\",\n  \"logradouro\": \"Rua Riachuelo\",\n  \"complemento\": \"\",\n  \"unidade\": \"\",\n  \"bairro\": \"Sé\",\n  \"localidade\": \"São Paulo\",\n  \"uf\": \"SP\",\n  \"estado\": \"São Paulo\",\n  \"regiao\": \"Sudeste\",\n  \"ibge\": \"3550308\",\n  \"gia\": \"1004\",\n  \"ddd\": \"11\",\n  \"siafi\": \"7107\"\n}",
    "headers" : {
      "Cache-Control" : [ "max-age=3600", "public" ],
      "Server" : "nginx/1.22.0",
      "Access-Control-Allow-Origin" : "*",
      "Access-Control-Allow-Credentials" : "true",
      "Access-Control-Allow-Methods" : "GET",
      "Pragma" : "public",
      "Expires" : "Sat, 30 Nov 2024 04:33:59 GMT",
      "Access-Control-Max-Age" : "86400",
      "Access-Control-Allow-Headers" : "Content-Type, X-Request-With, X-Requested-By",
      "Date" : "Sat, 30 Nov 2024 03:33:59 GMT",
      "Content-Type" : "application/json; charset=utf-8"
    }
  },
  "uuid" : "75d4e1d6-4b53-42cf-b084-fa37fae7b6e9",
  "persistent" : true,
  "scenarioName" : "scenario-76-viacep.com.br-ws-01007000-json",
  "requiredScenarioState" : "Started",
  "newScenarioState" : "scenario-76-viacep.com.br-ws-01007000-json-2",
  "insertionIndex" : 152
}