{
  "id" : "cd8f6118-5249-427a-83ac-d9b3248d9c26",
  "name" : "viacep.com.br_ws_01013000_json",
  "request" : {
    "url" : "/viacep.com.br/ws/01013000/json/",
    "method" : "GET"
  },
  "response" : {
    "status" : 200,
    "body" : "{\n  \"cep\": \"01013-000\",\n  \"logradouro\": \"Rua Quinze de Novembro\",\n  \"complemento\": \"lado par\",\n  \"unidade\": \"\",\n  \"bairro\": \"Centro\",\n  \"localidade\": \"São Paulo\",\n  \"uf\": \"SP\",\n  \"estado\": \"São Paulo\",\n  \"regiao\": \"Sudeste\",\n  \"ibge\": \"3550308\",\n  \"gia\": \"1004\",\n  \"ddd\": \"11\",\n  \"siafi\": \"7107\"\n}",
    "headers" : {
      "Cache-Control" : [ "max-age=3600", "public" ],
      "Server" : "nginx/1.22.0",
      "Access-Control-Allow-Origin" : "*",
      "Access-Control-Allow-Credentials" : "true",
      "Access-Control-Allow-Methods" : "GET",
      "Pragma" : "public",
      "Expires" : "Sat, 30 Nov 2024 04:36:38 GMT",
      "Access-Control-Max-Age" : "86400",
      "Access-Control-Allow-Headers" : "Content-Type, X-Request-With, X-Requested-By",
      "Date" : "Sat, 30 Nov 2024 03:36:38 GMT",
      "Content-Type" : "application/json; charset=utf-8"
    }
  },
  "uuid" : "cd8f6118-5249-427a-83ac-d9b3248d9c26",
  "persistent" : true,
  "scenarioName" : "scenario-19-viacep.com.br-ws-01013000-json",
  "requiredScenarioState" : "Started",
  "newScenarioState" : "scenario-19-viacep.com.br-ws-01013000-json-2",
  "insertionIndex" : 38
}