{
  "id" : "895879a1-04cb-430d-b24b-67879a240d4e",
  "name" : "viacep.com.br_ws_01010901_json",
  "request" : {
    "url" : "/viacep.com.br/ws/01010901/json/",
    "method" : "GET"
  },
  "response" : {
    "status" : 200,
    "body" : "{\n  \"cep\": \"01010-901\",\n  \"logradouro\": \"Praça Antônio Prado\",\n  \"complemento\": \"48\",\n  \"unidade\": \"Bolsa Mercantil de Futuro\",\n  \"bairro\": \"Centro\",\n  \"localidade\": \"São Paulo\",\n  \"uf\": \"SP\",\n  \"estado\": \"São Paulo\",\n  \"regiao\": \"Sudeste\",\n  \"ibge\": \"3550308\",\n  \"gia\": \"1004\",\n  \"ddd\": \"11\",\n  \"siafi\": \"7107\"\n}",
    "headers" : {
      "Cache-Control" : [ "max-age=3600", "public" ],
      "Server" : "nginx/1.22.0",
      "Access-Control-Allow-Origin" : "*",
      "Access-Control-Allow-Credentials" : "true",
      "Access-Control-Allow-Methods" : "GET",
      "Pragma" : "public",
      "Expires" : "Sat, 30 Nov 2024 04:35:40 GMT",
      "Access-Control-Max-Age" : "86400",
      "Access-Control-Allow-Headers" : "Content-Type, X-Request-With, X-Requested-By",
      "Date" : "Sat, 30 Nov 2024 03:35:40 GMT",
      "Content-Type" : "application/json; charset=utf-8"
    }
  },
  "uuid" : "895879a1-04cb-430d-b24b-67879a240d4e",
  "persistent" : true,
  "scenarioName" : "scenario-40-viacep.com.br-ws-01010901-json",
  "requiredScenarioState" : "scenario-40-viacep.com.br-ws-01010901-json-2",
  "insertionIndex" : 79
}