{
  "id" : "6c120d0e-51c4-4d40-9e64-44fd94904fa6",
  "name" : "viacep.com.br_ws_01010903_json",
  "request" : {
    "url" : "/viacep.com.br/ws/01010903/json/",
    "method" : "GET"
  },
  "response" : {
    "status" : 200,
    "body" : "{\n  \"cep\": \"01010-903\",\n  \"logradouro\": \"Rua São Bento\",\n  \"complemento\": \"370\",\n  \"unidade\": \"Edifício Irmandade de Santa Casa\",\n  \"bairro\": \"Centro\",\n  \"localidade\": \"São Paulo\",\n  \"uf\": \"SP\",\n  \"estado\": \"São Paulo\",\n  \"regiao\": \"Sudeste\",\n  \"ibge\": \"3550308\",\n  \"gia\": \"1004\",\n  \"ddd\": \"11\",\n  \"siafi\": \"7107\"\n}",
    "headers" : {
      "Cache-Control" : [ "max-age=3600", "public" ],
      "Server" : "nginx/1.22.0",
      "Access-Control-Allow-Origin" : "*",
      "Access-Control-Allow-Credentials" : "true",
      "Access-Control-Allow-Methods" : "GET",
      "Pragma" : "public",
      "Expires" : "Sat, 30 Nov 2024 04:35:45 GMT",
      "Access-Control-Max-Age" : "86400",
      "Access-Control-Allow-Headers" : "Content-Type, X-Request-With, X-Requested-By",
      "Date" : "Sat, 30 Nov 2024 03:35:45 GMT",
      "Content-Type" : "application/json; charset=utf-8"
    }
  },
  "uuid" : "6c120d0e-51c4-4d40-9e64-44fd94904fa6",
  "persistent" : true,
  "scenarioName" : "scenario-38-viacep.com.br-ws-01010903-json",
  "requiredScenarioState" : "Started",
  "newScenarioState" : "scenario-38-viacep.com.br-ws-01010903-json-2",
  "insertionIndex" : 76
}