{
  "id" : "186b6464-8125-48b0-8d79-657702d30ead",
  "name" : "viacep.com.br_ws_01004000_json",
  "request" : {
    "url" : "/viacep.com.br/ws/01004000/json/",
    "method" : "GET"
  },
  "response" : {
    "status" : 200,
    "body" : "{\n  \"cep\": \"01004-000\",\n  \"logradouro\": \"Rua Barão de Paranapiacaba\",\n  \"complemento\": \"\",\n  \"unidade\": \"\",\n  \"bairro\": \"Sé\",\n  \"localidade\": \"São Paulo\",\n  \"uf\": \"SP\",\n  \"estado\": \"São Paulo\",\n  \"regiao\": \"Sudeste\",\n  \"ibge\": \"3550308\",\n  \"gia\": \"1004\",\n  \"ddd\": \"11\",\n  \"siafi\": \"7107\"\n}",
    "headers" : {
      "Cache-Control" : [ "max-age=3600", "public" ],
      "Server" : "nginx/1.22.0",
      "Access-Control-Allow-Origin" : "*",
      "Access-Control-Allow-Credentials" : "true",
      "Access-Control-Allow-Methods" : "GET",
      "Pragma" : "public",
      "Expires" : "Sat, 30 Nov 2024 04:32:54 GMT",
      "Access-Control-Max-Age" : "86400",
      "Access-Control-Allow-Headers" : "Content-Type, X-Request-With, X-Requested-By",
      "Date" : "Sat, 30 Nov 2024 03:32:54 GMT",
      "Content-Type" : "application/json; charset=utf-8"
    }
  },
  "uuid" : "186b6464-8125-48b0-8d79-657702d30ead",
  "persistent" : true,
  "scenarioName" : "scenario-98-viacep.com.br-ws-01004000-json",
  "requiredScenarioState" : "Started",
  "newScenarioState" : "scenario-98-viacep.com.br-ws-01004000-json-2",
  "insertionIndex" : 196
}