{
  "id" : "8579187f-7ef0-48b5-9cdf-9a5a4c4c7f3a",
  "name" : "viacep.com.br_ws_01009903_json",
  "request" : {
    "url" : "/viacep.com.br/ws/01009903/json/",
    "method" : "GET"
  },
  "response" : {
    "status" : 200,
    "body" : "{\n  \"cep\": \"01009-903\",\n  \"logradouro\": \"Rua Líbero Badaró\",\n  \"complemento\": \"471\",\n  \"unidade\": \"Bolsa de Mercadorias de São Paulo\",\n  \"bairro\": \"Centro\",\n  \"localidade\": \"São Paulo\",\n  \"uf\": \"SP\",\n  \"estado\": \"São Paulo\",\n  \"regiao\": \"Sudeste\",\n  \"ibge\": \"3550308\",\n  \"gia\": \"1004\",\n  \"ddd\": \"11\",\n  \"siafi\": \"7107\"\n}",
    "headers" : {
      "Cache-Control" : [ "max-age=3600", "public" ],
      "Server" : "nginx/1.22.0",
      "Access-Control-Allow-Origin" : "*",
      "Access-Control-Allow-Credentials" : "true",
      "Access-Control-Allow-Methods" : "GET",
      "Pragma" : "public",
      "Expires" : "Sat, 30 Nov 2024 04:35:09 GMT",
      "Access-Control-Max-Age" : "86400",
      "Access-Control-Allow-Headers" : "Content-Type, X-Request-With, X-Requested-By",
      "Date" : "Sat, 30 Nov 2024 03:35:09 GMT",
      "Content-Type" : "application/json; charset=utf-8"
    }
  },
  "uuid" : "8579187f-7ef0-48b5-9cdf-9a5a4c4c7f3a",
  "persistent" : true,
  "scenarioName" : "scenario-51-viacep.com.br-ws-01009903-json",
  "requiredScenarioState" : "Started",
  "newScenarioState" : "scenario-51-viacep.com.br-ws-01009903-json-2",
  "insertionIndex" : 102
}