{
  "id" : "27882a75-9615-4d1b-af80-d15f0c165642",
  "name" : "viacep.com.br_ws_01014925_json",
  "request" : {
    "url" : "/viacep.com.br/ws/01014925/json/",
    "method" : "GET"
  },
  "response" : {
    "status" : 200,
    "body" : "{\n  \"cep\": \"01014-925\",\n  \"logradouro\": \"Rua Boa Vista\",\n  \"complemento\": \"162\",\n  \"unidade\": \"Unibanco  S.A.\",\n  \"bairro\": \"Centro\",\n  \"localidade\": \"São Paulo\",\n  \"uf\": \"SP\",\n  \"estado\": \"São Paulo\",\n  \"regiao\": \"Sudeste\",\n  \"ibge\": \"3550308\",\n  \"gia\": \"1004\",\n  \"ddd\": \"11\",\n  \"siafi\": \"7107\"\n}",
    "headers" : {
      "Cache-Control" : [ "max-age=3600", "public" ],
      "Server" : "nginx/1.22.0",
      "Access-Control-Allow-Origin" : "*",
      "Access-Control-Allow-Credentials" : "true",
      "Access-Control-Allow-Methods" : "GET",
      "Pragma" : "public",
      "Expires" : "Sat, 30 Nov 2024 04:42:42 GMT",
      "Access-Control-Max-Age" : "86400",
      "Access-Control-Allow-Headers" : "Content-Type, X-Request-With, X-Requested-By",
      "Date" : "Sat, 30 Nov 2024 03:42:42 GMT",
      "Content-Type" : "application/json; charset=utf-8"
    }
  },
  "uuid" : "27882a75-9615-4d1b-af80-d15f0c165642",
  "persistent" : true,
  "scenarioName" : "scenario-1529-viacep.com.br-ws-01014925-json",
  "requiredScenarioState" : "scenario-1529-viacep.com.br-ws-01014925-json-2",
  "insertionIndex" : 3334
}