{
  "id" : "9f463916-f458-48d8-b472-a46b870ff6c6",
  "name" : "viacep.com.br_ws_01004904_json",
  "request" : {
    "url" : "/viacep.com.br/ws/01004904/json/",
    "method" : "GET"
  },
  "response" : {
    "status" : 200,
    "body" : "{\n  \"cep\": \"01004-904\",\n  \"logradouro\": \"Rua Barão de Paranapiacaba\",\n  \"complemento\": \"93\",\n  \"unidade\": \"Edifício Argos\",\n  \"bairro\": \"Sé\",\n  \"localidade\": \"São Paulo\",\n  \"uf\": \"SP\",\n  \"estado\": \"São Paulo\",\n  \"regiao\": \"Sudeste\",\n  \"ibge\": \"3550308\",\n  \"gia\": \"1004\",\n  \"ddd\": \"11\",\n  \"siafi\": \"7107\"\n}",
    "headers" : {
      "Cache-Control" : [ "max-age=3600", "public" ],
      "Server" : "nginx/1.22.0",
      "Access-Control-Allow-Origin" : "*",
      "Access-Control-Allow-Credentials" : "true",
      "Access-Control-Allow-Methods" : "GET",
      "Pragma" : "public",
      "Expires" : "Sat, 30 Nov 2024 04:33:11 GMT",
      "Access-Control-Max-Age" : "86400",
      "Access-Control-Allow-Headers" : "Content-Type, X-Request-With, X-Requested-By",
      "Date" : "Sat, 30 Nov 2024 03:33:11 GMT",
      "Content-Type" : "application/json; charset=utf-8"
    }
  },
  "uuid" : "9f463916-f458-48d8-b472-a46b870ff6c6",
  "persistent" : true,
  "scenarioName" : "scenario-92-viacep.com.br-ws-01004904-json",
  "requiredScenarioState" : "Started",
  "newScenarioState" : "scenario-92-viacep.com.br-ws-01004904-json-2",
  "insertionIndex" : 184
}