{
  "id" : "a2344cd2-3b74-41b7-b7c2-ab9a5f5d3c89",
  "name" : "viacep.com.br_ws_01004901_json",
  "request" : {
    "url" : "/viacep.com.br/ws/01004901/json/",
    "method" : "GET"
  },
  "response" : {
    "status" : 200,
    "body" : "{\n  \"cep\": \"01004-901\",\n  \"logradouro\": \"Rua Quintino Bocaiúva\",\n  \"complemento\": \"176\",\n  \"unidade\": \"Edifício Casa das Arcadas\",\n  \"bairro\": \"Sé\",\n  \"localidade\": \"São Paulo\",\n  \"uf\": \"SP\",\n  \"estado\": \"São Paulo\",\n  \"regiao\": \"Sudeste\",\n  \"ibge\": \"3550308\",\n  \"gia\": \"1004\",\n  \"ddd\": \"11\",\n  \"siafi\": \"7107\"\n}",
    "headers" : {
      "Cache-Control" : [ "max-age=3600", "public" ],
      "Server" : "nginx/1.22.0",
      "Access-Control-Allow-Origin" : "*",
      "Access-Control-Allow-Credentials" : "true",
      "Access-Control-Allow-Methods" : "GET",
      "Pragma" : "public",
      "Expires" : "Sat, 30 Nov 2024 04:33:03 GMT",
      "Access-Control-Max-Age" : "86400",
      "Access-Control-Allow-Headers" : "Content-Type, X-Request-With, X-Requested-By",
      "Date" : "Sat, 30 Nov 2024 03:33:03 GMT",
      "Content-Type" : "application/json; charset=utf-8"
    }
  },
  "uuid" : "a2344cd2-3b74-41b7-b7c2-ab9a5f5d3c89",
  "persistent" : true,
  "scenarioName" : "scenario-95-viacep.com.br-ws-01004901-json",
  "requiredScenarioState" : "scenario-95-viacep.com.br-ws-01004901-json-2",
  "insertionIndex" : 189
}