{
  "id" : "aaca8be7-0468-41b8-b2f8-c0c8627f8f31",
  "name" : "viacep.com.br_ws_01017902_json",
  "request" : {
    "url" : "/viacep.com.br/ws/01017902/json/",
    "method" : "GET"
  },
  "response" : {
    "status" : 200,
    "body" : "{\n  \"cep\": \"01017-902\",\n  \"logradouro\": \"Rua Roberto Simonsen\",\n  \"complemento\": \"62\",\n  \"unidade\": \"Edifício da Sé\",\n  \"bairro\": \"Sé\",\n  \"localidade\": \"São Paulo\",\n  \"uf\": \"SP\",\n  \"estado\": \"São Paulo\",\n  \"regiao\": \"Sudeste\",\n  \"ibge\": \"3550308\",\n  \"gia\": \"1004\",\n  \"ddd\": \"11\",\n  \"siafi\": \"7107\"\n}",
    "headers" : {
      "Cache-Control" : [ "max-age=3600", "public" ],
      "Server" : "nginx/1.22.0",
      "Access-Control-Allow-Origin" : "*",
      "Access-Control-Allow-Credentials" : "true",
      "Access-Control-Allow-Methods" : "GET",
      "Pragma" : "public",
      "Expires" : "Sat, 30 Nov 2024 04:42:44 GMT",
      "Access-Control-Max-Age" : "86400",
      "Access-Control-Allow-Headers" : "Content-Type, X-Request-With, X-Requested-By",
      "Date" : "Sat, 30 Nov 2024 03:42:44 GMT",
      "Content-Type" : "application/json; charset=utf-8"
    }
  },
  "uuid" : "aaca8be7-0468-41b8-b2f8-c0c8627f8f31",
  "persistent" : true,
  "scenarioName" : "scenario-1506-viacep.com.br-ws-01017902-json",
  "requiredScenarioState" : "scenario-1506-viacep.com.br-ws-01017902-json-2",
  "insertionIndex" : 3287
}