{
  "id" : "143e89df-d003-4fb2-9f4d-35681399d539",
  "name" : "viacep.com.br_ws_01020040_json",
  "request" : {
    "url" : "/viacep.com.br/ws/01020040/json/",
    "method" : "GET"
  },
  "response" : {
    "status" : 200,
    "body" : "{\n  \"cep\": \"01020-040\",\n  \"logradouro\": \"Rua Lousada\",\n  \"complemento\": \"\",\n  \"unidade\": \"\",\n  \"bairro\": \"Sé\",\n  \"localidade\": \"São Paulo\",\n  \"uf\": \"SP\",\n  \"estado\": \"São Paulo\",\n  \"regiao\": \"Sudeste\",\n  \"ibge\": \"3550308\",\n  \"gia\": \"1004\",\n  \"ddd\": \"11\",\n  \"siafi\": \"7107\"\n}",
    "headers" : {
      "Cache-Control" : [ "max-age=3600", "public" ],
      "Server" : "nginx/1.22.0",
      "Access-Control-Allow-Origin" : "*",
      "Access-Control-Allow-Credentials" : "true",
      "Access-Control-Allow-Methods" : "GET",
      "Pragma" : "public",
      "Expires" : "Sat, 30 Nov 2024 04:42:46 GMT",
      "Access-Control-Max-Age" : "86400",
      "Access-Control-Allow-Headers" : "Content-Type, X-Request-With, X-Requested-By",
      "Date" : "Sat, 30 Nov 2024 03:42:46 GMT",
      "Content-Type" : "application/json; charset=utf-8"
    }
  },
  "uuid" : "143e89df-d003-4fb2-9f4d-35681399d539",
  "persistent" : true,
  "scenarioName" : "scenario-1481-viacep.com.br-ws-01020040-json",
  "requiredScenarioState" : "scenario-1481-viacep.com.br-ws-01020040-json-2",
  "insertionIndex" : 3238
}