{
  "id" : "f3677ac6-ddf6-49d7-8c8d-c580d52eb9b7",
  "name" : "viacep.com.br_ws_01008906_json",
  "request" : {
    "url" : "/viacep.com.br/ws/01008906/json/",
    "method" : "GET"
  },
  "response" : {
    "status" : 200,
    "body" : "{\n  \"cep\": \"01008-906\",\n  \"logradouro\": \"Rua Líbero Badaró\",\n  \"complemento\": \"504\",\n  \"unidade\": \"Edifício Martinelli\",\n  \"bairro\": \"Centro\",\n  \"localidade\": \"São Paulo\",\n  \"uf\": \"SP\",\n  \"estado\": \"São Paulo\",\n  \"regiao\": \"Sudeste\",\n  \"ibge\": \"3550308\",\n  \"gia\": \"1004\",\n  \"ddd\": \"11\",\n  \"siafi\": \"7107\"\n}",
    "headers" : {
      "Cache-Control" : [ "max-age=3600", "public" ],
      "Server" : "nginx/1.22.0",
      "Access-Control-Allow-Origin" : "*",
      "Access-Control-Allow-Credentials" : "true",
      "Access-Control-Allow-Methods" : "GET",
      "Pragma" : "public",
      "Expires" : "Sat, 30 Nov 2024 04:34:58 GMT",
      "Access-Control-Max-Age" : "86400",
      "Access-Control-Allow-Headers" : "Content-Type, X-Request-With, X-Requested-By",
      "Date" : "Sat, 30 Nov 2024 03:34:58 GMT",
      "Content-Type" : "application/json; charset=utf-8"
    }
  },
  "uuid" : "f3677ac6-ddf6-49d7-8c8d-c580d52eb9b7",
  "persistent" : true,
  "scenarioName" : "scenario-55-viacep.com.br-ws-01008906-json",
  "requiredScenarioState" : "scenario-55-viacep.com.br-ws-01008906-json-2",
  "insertionIndex" : 109
}