{
  "id" : "f568c894-9110-48f5-aeff-03d3779b6e15",
  "name" : "viacep.com.br_ws_01006040_json",
  "request" : {
    "url" : "/viacep.com.br/ws/01006040/json/",
    "method" : "GET"
  },
  "response" : {
    "status" : 200,
    "body" : "{\n  \"cep\": \"01006-040\",\n  \"logradouro\": \"Praça Paulo Alfeu de Monteiro Duarte\",\n  \"complemento\": \"\",\n  \"unidade\": \"\",\n  \"bairro\": \"Sé\",\n  \"localidade\": \"São Paulo\",\n  \"uf\": \"SP\",\n  \"estado\": \"São Paulo\",\n  \"regiao\": \"Sudeste\",\n  \"ibge\": \"3550308\",\n  \"gia\": \"1004\",\n  \"ddd\": \"11\",\n  \"siafi\": \"7107\"\n}",
    "headers" : {
      "Cache-Control" : [ "max-age=3600", "public" ],
      "Server" : "nginx/1.22.0",
      "Access-Control-Allow-Origin" : "*",
      "Access-Control-Allow-Credentials" : "true",
      "Access-Control-Allow-Methods" : "GET",
      "Pragma" : "public",
      "Expires" : "Sat, 30 Nov 2024 04:33:45 GMT",
      "Access-Control-Max-Age" : "86400",
      "Access-Control-Allow-Headers" : "Content-Type, X-Request-With, X-Requested-By",
      "Date" : "Sat, 30 Nov 2024 03:33:45 GMT",
      "Content-Type" : "application/json; charset=utf-8"
    }
  },
  "uuid" : "f568c894-9110-48f5-aeff-03d3779b6e15",
  "persistent" : true,
  "scenarioName" : "scenario-81-viacep.com.br-ws-01006040-json",
  "requiredScenarioState" : "scenario-81-viacep.com.br-ws-01006040-json-2",
  "insertionIndex" : 161
}