{
  "id" : "57a6a4a0-e506-4eeb-a1a2-218b32ed5db9",
  "name" : "viacep.com.br_ws_01011902_json",
  "request" : {
    "url" : "/viacep.com.br/ws/01011902/json/",
    "method" : "GET"
  },
  "response" : {
    "status" : 200,
    "body" : "{\n  \"cep\": \"01011-902\",\n  \"logradouro\": \"Rua São Bento\",\n  \"complemento\": \"329\",\n  \"unidade\": \"Edifício Alvares Penteado\",\n  \"bairro\": \"Centro\",\n  \"localidade\": \"São Paulo\",\n  \"uf\": \"SP\",\n  \"estado\": \"São Paulo\",\n  \"regiao\": \"Sudeste\",\n  \"ibge\": \"3550308\",\n  \"gia\": \"1004\",\n  \"ddd\": \"11\",\n  \"siafi\": \"7107\"\n}",
    "headers" : {
      "Cache-Control" : [ "max-age=3600", "public" ],
      "Server" : "nginx/1.22.0",
      "Access-Control-Allow-Origin" : "*",
      "Access-Control-Allow-Credentials" : "true",
      "Access-Control-Allow-Methods" : "GET",
      "Pragma" : "public",
      "Expires" : "Sat, 30 Nov 2024 04:36:05 GMT",
      "Access-Control-Max-Age" : "86400",
      "Access-Control-Allow-Headers" : "Content-Type, X-Request-With, X-Requested-By",
      "Date" : "Sat, 30 Nov 2024 03:36:05 GMT",
      "Content-Type" : "application/json; charset=utf-8"
    }
  },
  "uuid" : "57a6a4a0-e506-4eeb-a1a2-218b32ed5db9",
  "persistent" : true,
  "scenarioName" : "scenario-31-viacep.com.br-ws-01011902-json",
  "requiredScenarioState" : "Started",
  "newScenarioState" : "scenario-31-viacep.com.br-ws-01011902-json-2",
  "insertionIndex" : 62
}