{
  "id" : "ae19014e-5ba8-4ce2-891b-14e835701b2e",
  "name" : "viacep.com.br_ws_01012001_json",
  "request" : {
    "url" : "/viacep.com.br/ws/01012001/json/",
    "method" : "GET"
  },
  "response" : {
    "status" : 200,
    "body" : "{\n  \"cep\": \"01012-001\",\n  \"logradouro\": \"Rua Álvares Penteado\",\n  \"complemento\": \"lado ímpar\",\n  \"unidade\": \"\",\n  \"bairro\": \"Centro\",\n  \"localidade\": \"São Paulo\",\n  \"uf\": \"SP\",\n  \"estado\": \"São Paulo\",\n  \"regiao\": \"Sudeste\",\n  \"ibge\": \"3550308\",\n  \"gia\": \"1004\",\n  \"ddd\": \"11\",\n  \"siafi\": \"7107\"\n}",
    "headers" : {
      "Cache-Control" : [ "max-age=3600", "public" ],
      "Server" : "nginx/1.22.0",
      "Access-Control-Allow-Origin" : "*",
      "Access-Control-Allow-Credentials" : "true",
      "Access-Control-Allow-Methods" : "GET",
      "Pragma" : "public",
      "Expires" : "Sat, 30 Nov 2024 04:36:13 GMT",
      "Access-Control-Max-Age" : "86400",
      "Access-Control-Allow-Headers" : "Content-Type, X-Request-With, X-Requested-By",
      "Date" : "Sat, 30 Nov 2024 03:36:13 GMT",
      "Content-Type" : "application/json; charset=utf-8"
    }
  },
  "uuid" : "ae19014e-5ba8-4ce2-891b-14e835701b2e",
  "persistent" : true,
  "scenarioName" : "scenario-28-viacep.com.br-ws-01012001-json",
  "requiredScenarioState" : "Started",
  "newScenarioState" : "scenario-28-viacep.com.br-ws-01012001-json-2",
  "insertionIndex" : 56
}