{
  "id" : "67fa8cfe-ff15-4f82-ab43-ccedde0282d3",
  "name" : "viacep.com.br_ws_01012907_json",
  "request" : {
    "url" : "/viacep.com.br/ws/01012907/json/",
    "method" : "GET"
  },
  "response" : {
    "status" : 200,
    "body" : "{\n  \"cep\": \"01012-907\",\n  \"logradouro\": \"Rua da Quitanda\",\n  \"complemento\": \"96\",\n  \"unidade\": \"Edifício São Carlos\",\n  \"bairro\": \"Centro\",\n  \"localidade\": \"São Paulo\",\n  \"uf\": \"SP\",\n  \"estado\": \"São Paulo\",\n  \"regiao\": \"Sudeste\",\n  \"ibge\": \"3550308\",\n  \"gia\": \"1004\",\n  \"ddd\": \"11\",\n  \"siafi\": \"7107\"\n}",
    "headers" : {
      "Cache-Control" : [ "max-age=3600", "public" ],
      "Server" : "nginx/1.22.0",
      "Access-Control-Allow-Origin" : "*",
      "Access-Control-Allow-Credentials" : "true",
      "Access-Control-Allow-Methods" : "GET",
      "Pragma" : "public",
      "Expires" : "Sat, 30 Nov 2024 04:36:30 GMT",
      "Access-Control-Max-Age" : "86400",
      "Access-Control-Allow-Headers" : "Content-Type, X-Request-With, X-Requested-By",
      "Date" : "Sat, 30 Nov 2024 03:36:30 GMT",
      "Content-Type" : "application/json; charset=utf-8"
    }
  },
  "uuid" : "67fa8cfe-ff15-4f82-ab43-ccedde0282d3",
  "persistent" : true,
  "scenarioName" : "scenario-22-viacep.com.br-ws-01012907-json",
  "requiredScenarioState" : "scenario-22-viacep.com.br-ws-01012907-json-2",
  "insertionIndex" : 43
}