{
  "id" : "570025d9-f404-4be3-b6eb-e69d96865356",
  "name" : "viacep.com.br_ws_01011000_json",
  "request" : {
    "url" : "/viacep.com.br/ws/01011000/json/",
    "method" : "GET"
  },
  "response" : {
    "status" : 200,
    "body" : "{\n  \"cep\": \"01011-000\",\n  \"logradouro\": \"Rua São Bento\",\n  \"complemento\": \"até 319 - lado ímpar\",\n  \"unidade\": \"\",\n  \"bairro\": \"Centro\",\n  \"localidade\": \"São Paulo\",\n  \"uf\": \"SP\",\n  \"estado\": \"São Paulo\",\n  \"regiao\": \"Sudeste\",\n  \"ibge\": \"3550308\",\n  \"gia\": \"1004\",\n  \"ddd\": \"11\",\n  \"siafi\": \"7107\"\n}",
    "headers" : {
      "Cache-Control" : [ "max-age=3600", "public" ],
      "Server" : "nginx/1.22.0",
      "Access-Control-Allow-Origin" : "*",
      "Access-Control-Allow-Credentials" : "true",
      "Access-Control-Allow-Methods" : "GET",
      "Pragma" : "public",
      "Expires" : "Sat, 30 Nov 2024 04:35:53 GMT",
      "Access-Control-Max-Age" : "86400",
      "Access-Control-Allow-Headers" : "Content-Type, X-Request-With, X-Requested-By",
      "Date" : "Sat, 30 Nov 2024 03:35:53 GMT",
      "Content-Type" : "application/json; charset=utf-8"
    }
  },
  "uuid" : "570025d9-f404-4be3-b6eb-e69d96865356",
  "persistent" : true,
  "scenarioName" : "scenario-35-viacep.com.br-ws-01011000-json",
  "requiredScenarioState" : "Started",
  "newScenarioState" : "scenario-35-viacep.com.br-ws-01011000-json-2",
  "insertionIndex" : 70
}