{
  "id" : "fa1749d0-9510-4aa2-bff3-b84ed8de56a4",
  "name" : "viacep.com.br_ws_01012909_json",
  "request" : {
    "url" : "/viacep.com.br/ws/01012909/json/",
    "method" : "GET"
  },
  "response" : {
    "status" : 200,
    "body" : "{\n  \"cep\": \"01012-909\",\n  \"logradouro\": \"Largo da Misericórdia\",\n  \"complemento\": \"23\",\n  \"unidade\": \"Edifício Ouro Para O Bem de São Paulo\",\n  \"bairro\": \"Centro\",\n  \"localidade\": \"São Paulo\",\n  \"uf\": \"SP\",\n  \"estado\": \"São Paulo\",\n  \"regiao\": \"Sudeste\",\n  \"ibge\": \"3550308\",\n  \"gia\": \"1004\",\n  \"ddd\": \"11\",\n  \"siafi\": \"7107\"\n}",
    "headers" : {
      "Cache-Control" : [ "max-age=3600", "public" ],
      "Server" : "nginx/1.22.0",
      "Access-Control-Allow-Origin" : "*",
      "Access-Control-Allow-Credentials" : "true",
      "Access-Control-Allow-Methods" : "GET",
      "Pragma" : "public",
      "Expires" : "Sat, 30 Nov 2024 04:36:36 GMT",
      "Access-Control-Max-Age" : "86400",
      "Access-Control-Allow-Headers" : "Content-Type, X-Request-With, X-Requested-By",
      "Date" : "Sat, 30 Nov 2024 03:36:36 GMT",
      "Content-Type" : "application/json; charset=utf-8"
    }
  },
  "uuid" : "fa1749d0-9510-4aa2-bff3-b84ed8de56a4",
  "persistent" : true,
  "scenarioName" : "scenario-20-viacep.com.br-ws-01012909-json",
  "requiredScenarioState" : "scenario-20-viacep.com.br-ws-01012909-json-2",
  "insertionIndex" : 39
}