{
  "id" : "76362c40-ef51-4061-bf62-6621da524f35",
  "name" : "viacep.com.br_ws_01020900_json",
  "request" : {
    "url" : "/viacep.com.br/ws/01020900/json/",
    "method" : "GET"
  },
  "response" : {
    "status" : 200,
    "body" : "{\n  \"cep\": \"01020-900\",\n  \"logradouro\": \"Rua Tabatinguera\",\n  \"complemento\": \"93\",\n  \"unidade\": \"Palácio Torre do Sol\",\n  \"bairro\": \"Sé\",\n  \"localidade\": \"São Paulo\",\n  \"uf\": \"SP\",\n  \"estado\": \"São Paulo\",\n  \"regiao\": \"Sudeste\",\n  \"ibge\": \"3550308\",\n  \"gia\": \"1004\",\n  \"ddd\": \"11\",\n  \"siafi\": \"7107\"\n}",
    "headers" : {
      "Cache-Control" : [ "max-age=3600", "public" ],
      "Server" : "nginx/1.22.0",
      "Access-Control-Allow-Origin" : "*",
      "Access-Control-Allow-Credentials" : "true",
      "Access-Control-Allow-Methods" : "GET",
      "Pragma" : "public",
      "Expires" : "Sat, 30 Nov 2024 04:42:47 GMT",
      "Access-Control-Max-Age" : "86400",
      "Access-Control-Allow-Headers" : "Content-Type, X-Request-With, X-Requested-By",
      "Date" : "Sat, 30 Nov 2024 03:42:47 GMT",
      "Content-Type" : "application/json; charset=utf-8"
    }
  },
  "uuid" : "76362c40-ef51-4061-bf62-6621da524f35",
  "persistent" : true,
  "scenarioName" : "scenario-1475-viacep.com.br-ws-01020900-json",
  "requiredScenarioState" : "Started",
  "newScenarioState" : "scenario-1475-viacep.com.br-ws-01020900-json-2",
  "insertionIndex" : 3235
}