{
  "id" : "98b9fc90-d9fd-47e4-a846-f8cc05ef1b02",
  "name" : "viacep.com.br_ws_01026000_json",
  "request" : {
    "url" : "/viacep.com.br/ws/01026000/json/",
    "method" : "GET"
  },
  "response" : {
    "status" : 200,
    "body" : "{\n  \"cep\": \"01026-000\",\n  \"logradouro\": \"Avenida Senador Queirós\",\n  \"complemento\": \"lado par\",\n  \"unidade\": \"\",\n  \"bairro\": \"Centro\",\n  \"localidade\": \"São Paulo\",\n  \"uf\": \"SP\",\n  \"estado\": \"São Paulo\",\n  \"regiao\": \"Sudeste\",\n  \"ibge\": \"3550308\",\n  \"gia\": \"1004\",\n  \"ddd\": \"11\",\n  \"siafi\": \"7107\"\n}",
    "headers" : {
      "Cache-Control" : [ "max-age=3600", "public" ],
      "Server" : "nginx/1.22.0",
      "Access-Control-Allow-Origin" : "*",
      "Access-Control-Allow-Credentials" : "true",
      "Access-Control-Allow-Methods" : "GET",
      "Pragma" : "public",
      "Expires" : "Sat, 30 Nov 2024 04:42:51 GMT",
      "Access-Control-Max-Age" : "86400",
      "Access-Control-Allow-Headers" : "Content-Type, X-Request-With, X-Requested-By",
      "Date" : "Sat, 30 Nov 2024 03:42:51 GMT",
      "Content-Type" : "application/json; charset=utf-8"
    }
  },
  "uuid" : "98b9fc90-d9fd-47e4-a846-f8cc05ef1b02",
  "persistent" : true,
  "scenarioName" : "scenario-1438-viacep.com.br-ws-01026000-json",
  "requiredScenarioState" : "scenario-1438-viacep.com.br-ws-01026000-json-2",
  "insertionIndex" : 3147
}