{
  "id" : "c9f8b2e0-6f68-45eb-a662-ffea63d15f2c",
  "name" : "viacep.com.br_ws_01014900_json",
  "request" : {
    "url" : "/viacep.com.br/ws/01014900/json/",
    "method" : "GET"
  },
  "response" : {
    "status" : 200,
    "body" : "{\n  \"cep\": \"01014-900\",\n  \"logradouro\": \"Rua João Brícola\",\n  \"complemento\": \"24\",\n  \"unidade\": \"Banco do Estado de São Paulo\",\n  \"bairro\": \"Centro\",\n  \"localidade\": \"São Paulo\",\n  \"uf\": \"SP\",\n  \"estado\": \"São Paulo\",\n  \"regiao\": \"Sudeste\",\n  \"ibge\": \"3550308\",\n  \"gia\": \"1004\",\n  \"ddd\": \"11\",\n  \"siafi\": \"7107\"\n}",
    "headers" : {
      "Cache-Control" : [ "max-age=3600", "public" ],
      "Server" : "nginx/1.22.0",
      "Access-Control-Allow-Origin" : "*",
      "Access-Control-Allow-Credentials" : "true",
      "Access-Control-Allow-Methods" : "GET",
      "Pragma" : "public",
      "Expires" : "Sat, 30 Nov 2024 04:42:40 GMT",
      "Access-Control-Max-Age" : "86400",
      "Access-Control-Allow-Headers" : "Content-Type, X-Request-With, X-Requested-By",
      "Date" : "Sat, 30 Nov 2024 03:42:40 GMT",
      "Content-Type" : "application/json; charset=utf-8"
    }
  },
  "uuid" : "c9f8b2e0-6f68-45eb-a662-ffea63d15f2c",
  "persistent" : true,
  "scenarioName" : "scenario-1546-viacep.com.br-ws-01014900-json",
  "requiredScenarioState" : "Started",
  "newScenarioState" : "scenario-1546-viacep.com.br-ws-01014900-json-2",
  "insertionIndex" : 3377
}