{
  "id" : "3f9c0630-bc9d-4887-add5-9a153a9aa2f2",
  "name" : "viacep.com.br_ws_01010904_json",
  "request" : {
    "url" : "/viacep.com.br/ws/01010904/json/",
    "method" : "GET"
  },
  "response" : {
    "status" : 200,
    "body" : "{\n  \"cep\": \"01010-904\",\n  \"logradouro\": \"Rua São Bento\",\n  \"complemento\": \"398\",\n  \"unidade\": \"Secretaria de Esporte e Turismo do Estado de São Paulo\",\n  \"bairro\": \"Centro\",\n  \"localidade\": \"São Paulo\",\n  \"uf\": \"SP\",\n  \"estado\": \"São Paulo\",\n  \"regiao\": \"Sudeste\",\n  \"ibge\": \"3550308\",\n  \"gia\": \"1004\",\n  \"ddd\": \"11\",\n  \"siafi\": \"7107\"\n}",
    "headers" : {
      "Cache-Control" : [ "max-age=3600", "public" ],
      "Server" : "nginx/1.22.0",
      "Access-Control-Allow-Origin" : "*",
      "Access-Control-Allow-Credentials" : "true",
      "Access-Control-Allow-Methods" : "GET",
      "Pragma" : "public",
      "Expires" : "Sat, 30 Nov 2024 04:35:48 GMT",
      "Access-Control-Max-Age" : "86400",
      "Access-Control-Allow-Headers" : "Content-Type, X-Request-With, X-Requested-By",
      "Date" : "Sat, 30 Nov 2024 03:35:48 GMT",
      "Content-Type" : "application/json; charset=utf-8"
    }
  },
  "uuid" : "3f9c0630-bc9d-4887-add5-9a153a9aa2f2",
  "persistent" : true,
  "scenarioName" : "scenario-37-viacep.com.br-ws-01010904-json",
  "requiredScenarioState" : "Started",
  "newScenarioState" : "scenario-37-viacep.com.br-ws-01010904-json-2",
  "insertionIndex" : 74
}