{
  "id" : "d044bf38-1538-48c9-acb3-b5c520c3059f",
  "name" : "viacep.com.br_ws_01008902_json",
  "request" : {
    "url" : "/viacep.com.br/ws/01008902/json/",
    "method" : "GET"
  },
  "response" : {
    "status" : 200,
    "body" : "{\n  \"cep\": \"01008-902\",\n  \"logradouro\": \"Rua Líbero Badaró\",\n  \"complemento\": \"92\",\n  \"unidade\": \"Edifício São Guilherme\",\n  \"bairro\": \"Centro\",\n  \"localidade\": \"São Paulo\",\n  \"uf\": \"SP\",\n  \"estado\": \"São Paulo\",\n  \"regiao\": \"Sudeste\",\n  \"ibge\": \"3550308\",\n  \"gia\": \"1004\",\n  \"ddd\": \"11\",\n  \"siafi\": \"7107\"\n}",
    "headers" : {
      "Cache-Control" : [ "max-age=3600", "public" ],
      "Server" : "nginx/1.22.0",
      "Access-Control-Allow-Origin" : "*",
      "Access-Control-Allow-Credentials" : "true",
      "Access-Control-Allow-Methods" : "GET",
      "Pragma" : "public",
      "Expires" : "Sat, 30 Nov 2024 04:34:46 GMT",
      "Access-Control-Max-Age" : "86400",
      "Access-Control-Allow-Headers" : "Content-Type, X-Request-With, X-Requested-By",
      "Date" : "Sat, 30 Nov 2024 03:34:46 GMT",
      "Content-Type" : "application/json; charset=utf-8"
    }
  },
  "uuid" : "d044bf38-1538-48c9-acb3-b5c520c3059f",
  "persistent" : true,
  "scenarioName" : "scenario-59-viacep.com.br-ws-01008902-json",
  "requiredScenarioState" : "Started",
  "newScenarioState" : "scenario-59-viacep.com.br-ws-01008902-json-2",
  "insertionIndex" : 118
}