{
  "id" : "5037f94e-3892-49bd-8437-56e7d6e8833f",
  "name" : "viacep.com.br_ws_01002903_json",
  "request" : {
    "url" : "/viacep.com.br/ws/01002903/json/",
    "method" : "GET"
  },
  "response" : {
    "status" : 200,
    "body" : "{\n  \"cep\": \"01002-903\",\n  \"logradouro\": \"Rua Direita\",\n  \"complemento\": \"250\",\n  \"unidade\": \"Edifício Barão de Iguape\",\n  \"bairro\": \"Sé\",\n  \"localidade\": \"São Paulo\",\n  \"uf\": \"SP\",\n  \"estado\": \"São Paulo\",\n  \"regiao\": \"Sudeste\",\n  \"ibge\": \"3550308\",\n  \"gia\": \"1004\",\n  \"ddd\": \"11\",\n  \"siafi\": \"7107\"\n}",
    "headers" : {
      "Cache-Control" : [ "max-age=3600", "public" ],
      "Server" : "nginx/1.22.0",
      "Access-Control-Allow-Origin" : "*",
      "Access-Control-Allow-Credentials" : "true",
      "Access-Control-Allow-Methods" : "GET",
      "Pragma" : "public",
      "Expires" : "Sat, 30 Nov 2024 04:32:26 GMT",
      "Access-Control-Max-Age" : "86400",
      "Access-Control-Allow-Headers" : "Content-Type, X-Request-With, X-Requested-By",
      "Date" : "Sat, 30 Nov 2024 03:32:26 GMT",
      "Content-Type" : "application/json; charset=utf-8"
    }
  },
  "uuid" : "5037f94e-3892-49bd-8437-56e7d6e8833f",
  "persistent" : true,
  "scenarioName" : "scenario-108-viacep.com.br-ws-01002903-json",
  "requiredScenarioState" : "scenario-108-viacep.com.br-ws-01002903-json-2",
  "insertionIndex" : 215
}