{
  "id" : "5411f082-3c0a-4a70-ade9-a488503145ab",
  "name" : "viacep.com.br_ws_01012902_json",
  "request" : {
    "url" : "/viacep.com.br/ws/01012902/json/",
    "method" : "GET"
  },
  "response" : {
    "status" : 200,
    "body" : "{\n  \"cep\": \"01012-902\",\n  \"logradouro\": \"Rua Álvares Penteado\",\n  \"complemento\": \"180\",\n  \"unidade\": \"Bradesco - Banco  Brasileiro de Descontos (Financiamentos)\",\n  \"bairro\": \"Centro\",\n  \"localidade\": \"São Paulo\",\n  \"uf\": \"SP\",\n  \"estado\": \"São Paulo\",\n  \"regiao\": \"Sudeste\",\n  \"ibge\": \"3550308\",\n  \"gia\": \"1004\",\n  \"ddd\": \"11\",\n  \"siafi\": \"7107\"\n}",
    "headers" : {
      "Cache-Control" : [ "max-age=3600", "public" ],
      "Server" : "nginx/1.22.0",
      "Access-Control-Allow-Origin" : "*",
      "Access-Control-Allow-Credentials" : "true",
      "Access-Control-Allow-Methods" : "GET",
      "Pragma" : "public",
      "Expires" : "Sat, 30 Nov 2024 04:36:24 GMT",
      "Access-Control-Max-Age" : "86400",
      "Access-Control-Allow-Headers" : "Content-Type, X-Request-With, X-Requested-By",
      "Date" : "Sat, 30 Nov 2024 03:36:24 GMT",
      "Content-Type" : "application/json; charset=utf-8"
    }
  },
  "uuid" : "5411f082-3c0a-4a70-ade9-a488503145ab",
  "persistent" : true,
  "scenarioName" : "scenario-24-viacep.com.br-ws-01012902-json",
  "requiredScenarioState" : "Started",
  "newScenarioState" : "scenario-24-viacep.com.br-ws-01012902-json-2",
  "insertionIndex" : 48
}