{
  "id" : "22c90a59-526f-4cc8-8ab4-5ef9fd952b68",
  "name" : "viacep.com.br_ws_01003901_json",
  "request" : {
    "url" : "/viacep.com.br/ws/01003901/json/",
    "method" : "GET"
  },
  "response" : {
    "status" : 200,
    "body" : "{\n  \"cep\": \"01003-901\",\n  \"logradouro\": \"Rua José Bonifácio\",\n  \"complemento\": \"93\",\n  \"unidade\": \"Edifício Santa Cruz\",\n  \"bairro\": \"Sé\",\n  \"localidade\": \"São Paulo\",\n  \"uf\": \"SP\",\n  \"estado\": \"São Paulo\",\n  \"regiao\": \"Sudeste\",\n  \"ibge\": \"3550308\",\n  \"gia\": \"1004\",\n  \"ddd\": \"11\",\n  \"siafi\": \"7107\"\n}",
    "headers" : {
      "Cache-Control" : [ "max-age=3600", "public" ],
      "Server" : "nginx/1.22.0",
      "Access-Control-Allow-Origin" : "*",
      "Access-Control-Allow-Credentials" : "true",
      "Access-Control-Allow-Methods" : "GET",
      "Pragma" : "public",
      "Expires" : "Sat, 30 Nov 2024 04:32:40 GMT",
      "Access-Control-Max-Age" : "86400",
      "Access-Control-Allow-Headers" : "Content-Type, X-Request-With, X-Requested-By",
      "Date" : "Sat, 30 Nov 2024 03:32:40 GMT",
      "Content-Type" : "application/json; charset=utf-8"
    }
  },
  "uuid" : "22c90a59-526f-4cc8-8ab4-5ef9fd952b68",
  "persistent" : true,
  "scenarioName" : "scenario-103-viacep.com.br-ws-01003901-json",
  "requiredScenarioState" : "scenario-103-viacep.com.br-ws-01003901-json-2",
  "insertionIndex" : 205
}