{
  "id" : "39b4e3f9-3fa4-441c-918a-568cb656b7e5",
  "name" : "viacep.com.br_ws_01012905_json",
  "request" : {
    "url" : "/viacep.com.br/ws/01012905/json/",
    "method" : "GET"
  },
  "response" : {
    "status" : 200,
    "body" : "{\n  \"cep\": \"01012-905\",\n  \"logradouro\": \"Rua Álvares Penteado\",\n  \"complemento\": \"151\",\n  \"unidade\": \"Associação dos Advogados de São Paulo\",\n  \"bairro\": \"Centro\",\n  \"localidade\": \"São Paulo\",\n  \"uf\": \"SP\",\n  \"estado\": \"São Paulo\",\n  \"regiao\": \"Sudeste\",\n  \"ibge\": \"3550308\",\n  \"gia\": \"1004\",\n  \"ddd\": \"11\",\n  \"siafi\": \"7107\"\n}",
    "headers" : {
      "Cache-Control" : [ "max-age=3600", "public" ],
      "Server" : "nginx/1.22.0",
      "Access-Control-Allow-Origin" : "*",
      "Access-Control-Allow-Credentials" : "true",
      "Access-Control-Allow-Methods" : "GET",
      "Pragma" : "public",
      "Expires" : "Sat, 30 Nov 2024 04:36:27 GMT",
      "Access-Control-Max-Age" : "86400",
      "Access-Control-Allow-Headers" : "Content-Type, X-Request-With, X-Requested-By",
      "Date" : "Sat, 30 Nov 2024 03:36:27 GMT",
      "Content-Type" : "application/json; charset=utf-8"
    }
  },
  "uuid" : "39b4e3f9-3fa4-441c-918a-568cb656b7e5",
  "persistent" : true,
  "scenarioName" : "scenario-23-viacep.com.br-ws-01012905-json",
  "requiredScenarioState" : "Started",
  "newScenarioState" : "scenario-23-viacep.com.br-ws-01012905-json-2",
  "insertionIndex" : 46
}