{
  "id" : "ef4dd602-9df4-4047-813d-aa574ad76671",
  "name" : "viacep.com.br_ws_01020903_json",
  "request" : {
    "url" : "/viacep.com.br/ws/01020903/json/",
    "method" : "GET"
  },
  "response" : {
    "status" : 200,
    "body" : "{\n  \"cep\": \"01020-903\",\n  \"logradouro\": \"Rua Tabatinguera\",\n  \"complemento\": \"294\",\n  \"unidade\": \"Centro Trasmontano de São Paulo\",\n  \"bairro\": \"Sé\",\n  \"localidade\": \"São Paulo\",\n  \"uf\": \"SP\",\n  \"estado\": \"São Paulo\",\n  \"regiao\": \"Sudeste\",\n  \"ibge\": \"3550308\",\n  \"gia\": \"1004\",\n  \"ddd\": \"11\",\n  \"siafi\": \"7107\"\n}",
    "headers" : {
      "Cache-Control" : [ "max-age=3600", "public" ],
      "Server" : "nginx/1.22.0",
      "Access-Control-Allow-Origin" : "*",
      "Access-Control-Allow-Credentials" : "true",
      "Access-Control-Allow-Methods" : "GET",
      "Pragma" : "public",
      "Expires" : "Sat, 30 Nov 2024 04:42:47 GMT",
      "Access-Control-Max-Age" : "86400",
      "Access-Control-Allow-Headers" : "Content-Type, X-Request-With, X-Requested-By",
      "Date" : "Sat, 30 Nov 2024 03:42:47 GMT",
      "Content-Type" : "application/json; charset=utf-8"
    }
  },
  "uuid" : "ef4dd602-9df4-4047-813d-aa574ad76671",
  "persistent" : true,
  "scenarioName" : "scenario-1478-viacep.com.br-ws-01020903-json",
  "requiredScenarioState" : "scenario-1478-viacep.com.br-ws-01020903-json-2",
  "insertionIndex" : 3227
}