{
  "id" : "4f5961c5-5cfb-4016-bbe3-26064317bd8c",
  "name" : "viacep.com.br_ws_01002902_json",
  "request" : {
    "url" : "/viacep.com.br/ws/01002902/json/",
    "method" : "GET"
  },
  "response" : {
    "status" : 200,
    "body" : "{\n  \"cep\": \"01002-902\",\n  \"logradouro\": \"Rua Direita\",\n  \"complemento\": \"191\",\n  \"unidade\": \"Edifício Zogbi\",\n  \"bairro\": \"Sé\",\n  \"localidade\": \"São Paulo\",\n  \"uf\": \"SP\",\n  \"estado\": \"São Paulo\",\n  \"regiao\": \"Sudeste\",\n  \"ibge\": \"3550308\",\n  \"gia\": \"1004\",\n  \"ddd\": \"11\",\n  \"siafi\": \"7107\"\n}",
    "headers" : {
      "Cache-Control" : [ "max-age=3600", "public" ],
      "Server" : "nginx/1.22.0",
      "Access-Control-Allow-Origin" : "*",
      "Access-Control-Allow-Credentials" : "true",
      "Access-Control-Allow-Methods" : "GET",
      "Pragma" : "public",
      "Expires" : "Sat, 30 Nov 2024 04:32:23 GMT",
      "Access-Control-Max-Age" : "86400",
      "Access-Control-Allow-Headers" : "Content-Type, X-Request-With, X-Requested-By",
      "Date" : "Sat, 30 Nov 2024 03:32:23 GMT",
      "Content-Type" : "application/json; charset=utf-8"
    }
  },
  "uuid" : "4f5961c5-5cfb-4016-bbe3-26064317bd8c",
  "persistent" : true,
  "scenarioName" : "scenario-109-viacep.com.br-ws-01002902-json",
  "requiredScenarioState" : "Started",
  "newScenarioState" : "scenario-109-viacep.com.br-ws-01002902-json-2",
  "insertionIndex" : 218
}