{
  "id" : "99320ee3-cdf8-431c-a0ba-c7d6fbdfb82c",
  "name" : "viacep.com.br_ws_01011903_json",
  "request" : {
    "url" : "/viacep.com.br/ws/01011903/json/",
    "method" : "GET"
  },
  "response" : {
    "status" : 200,
    "body" : "{\n  \"cep\": \"01011-903\",\n  \"logradouro\": \"Rua São Bento\",\n  \"complemento\": \"365\",\n  \"unidade\": \"Edifício Garbur\",\n  \"bairro\": \"Centro\",\n  \"localidade\": \"São Paulo\",\n  \"uf\": \"SP\",\n  \"estado\": \"São Paulo\",\n  \"regiao\": \"Sudeste\",\n  \"ibge\": \"3550308\",\n  \"gia\": \"1004\",\n  \"ddd\": \"11\",\n  \"siafi\": \"7107\"\n}",
    "headers" : {
      "Cache-Control" : [ "max-age=3600", "public" ],
      "Server" : "nginx/1.22.0",
      "Access-Control-Allow-Origin" : "*",
      "Access-Control-Allow-Credentials" : "true",
      "Access-Control-Allow-Methods" : "GET",
      "Pragma" : "public",
      "Expires" : "Sat, 30 Nov 2024 04:36:08 GMT",
      "Access-Control-Max-Age" : "86400",
      "Access-Control-Allow-Headers" : "Content-Type, X-Request-With, X-Requested-By",
      "Date" : "Sat, 30 Nov 2024 03:36:08 GMT",
      "Content-Type" : "application/json; charset=utf-8"
    }
  },
  "uuid" : "99320ee3-cdf8-431c-a0ba-c7d6fbdfb82c",
  "persistent" : true,
  "scenarioName" : "scenario-30-viacep.com.br-ws-01011903-json",
  "requiredScenarioState" : "Started",
  "newScenarioState" : "scenario-30-viacep.com.br-ws-01011903-json-2",
  "insertionIndex" : 60
}