{
  "id" : "665bc6e4-8747-433d-b679-ddd9ad2c570a",
  "name" : "viacep.com.br_ws_01013906_json",
  "request" : {
    "url" : "/viacep.com.br/ws/01013906/json/",
    "method" : "GET"
  },
  "response" : {
    "status" : 200,
    "body" : "{\n  \"cep\": \"01013-906\",\n  \"logradouro\": \"Rua Quinze de Novembro\",\n  \"complemento\": \"275\",\n  \"unidade\": \"BM&F Bovespa S.A.\",\n  \"bairro\": \"Centro\",\n  \"localidade\": \"São Paulo\",\n  \"uf\": \"SP\",\n  \"estado\": \"São Paulo\",\n  \"regiao\": \"Sudeste\",\n  \"ibge\": \"3550308\",\n  \"gia\": \"1004\",\n  \"ddd\": \"11\",\n  \"siafi\": \"7107\"\n}",
    "headers" : {
      "Cache-Control" : [ "max-age=3600", "public" ],
      "Server" : "nginx/1.22.0",
      "Access-Control-Allow-Origin" : "*",
      "Access-Control-Allow-Credentials" : "true",
      "Access-Control-Allow-Methods" : "GET",
      "Pragma" : "public",
      "Expires" : "Sat, 30 Nov 2024 04:37:01 GMT",
      "Access-Control-Max-Age" : "86400",
      "Access-Control-Allow-Headers" : "Content-Type, X-Request-With, X-Requested-By",
      "Date" : "Sat, 30 Nov 2024 03:37:01 GMT",
      "Content-Type" : "application/json; charset=utf-8"
    }
  },
  "uuid" : "665bc6e4-8747-433d-b679-ddd9ad2c570a",
  "persistent" : true,
  "scenarioName" : "scenario-11-viacep.com.br-ws-01013906-json",
  "requiredScenarioState" : "scenario-11-viacep.com.br-ws-01013906-json-2",
  "insertionIndex" : 21
}