{
  "id" : "3d9837aa-1943-44d3-8b68-6cc146db1b9e",
  "name" : "viacep.com.br_ws_01025020_json",
  "request" : {
    "url" : "/viacep.com.br/ws/01025020/json/",
    "method" : "GET"
  },
  "response" : {
    "status" : 200,
    "body" : "{\n  \"cep\": \"01025-020\",\n  \"logradouro\": \"Avenida do Estado\",\n  \"complemento\": \"de 2602 a 4400 - lado par\",\n  \"unidade\": \"\",\n  \"bairro\": \"Centro\",\n  \"localidade\": \"São Paulo\",\n  \"uf\": \"SP\",\n  \"estado\": \"São Paulo\",\n  \"regiao\": \"Sudeste\",\n  \"ibge\": \"3550308\",\n  \"gia\": \"1004\",\n  \"ddd\": \"11\",\n  \"siafi\": \"7107\"\n}",
    "headers" : {
      "Cache-Control" : [ "max-age=3600", "public" ],
      "Server" : "nginx/1.22.0",
      "Access-Control-Allow-Origin" : "*",
      "Access-Control-Allow-Credentials" : "true",
      "Access-Control-Allow-Methods" : "GET",
      "Pragma" : "public",
      "Expires" : "Sat, 30 Nov 2024 04:42:51 GMT",
      "Access-Control-Max-Age" : "86400",
      "Access-Control-Allow-Headers" : "Content-Type, X-Request-With, X-Requested-By",
      "Date" : "Sat, 30 Nov 2024 03:42:51 GMT",
      "Content-Type" : "application/json; charset=utf-8"
    }
  },
  "uuid" : "3d9837aa-1943-44d3-8b68-6cc146db1b9e",
  "persistent" : true,
  "scenarioName" : "scenario-1437-viacep.com.br-ws-01025020-json",
  "requiredScenarioState" : "scenario-1437-viacep.com.br-ws-01025020-json-2",
  "insertionIndex" : 3146
}