{
  "id" : "7ad1cb2d-15ee-4dd9-9a44-00096c43f5d0",
  "name" : "viacep.com.br_ws_01006001_json",
  "request" : {
    "url" : "/viacep.com.br/ws/01006001/json/",
    "method" : "GET"
  },
  "response" : {
    "status" : 200,
    "body" : "{\n  \"cep\": \"01006-001\",\n  \"logradouro\": \"Rua Senador Feijó\",\n  \"complemento\": \"lado ímpar\",\n  \"unidade\": \"\",\n  \"bairro\": \"Sé\",\n  \"localidade\": \"São Paulo\",\n  \"uf\": \"SP\",\n  \"estado\": \"São Paulo\",\n  \"regiao\": \"Sudeste\",\n  \"ibge\": \"3550308\",\n  \"gia\": \"1004\",\n  \"ddd\": \"11\",\n  \"siafi\": \"7107\"\n}",
    "headers" : {
      "Cache-Control" : [ "max-age=3600", "public" ],
      "Server" : "nginx/1.22.0",
      "Access-Control-Allow-Origin" : "*",
      "Access-Control-Allow-Credentials" : "true",
      "Access-Control-Allow-Methods" : "GET",
      "Pragma" : "public",
      "Expires" : "Sat, 30 Nov 2024 04:33:33 GMT",
      "Access-Control-Max-Age" : "86400",
      "Access-Control-Allow-Headers" : "Content-Type, X-Request-With, X-Requested-By",
      "Date" : "Sat, 30 Nov 2024 03:33:33 GMT",
      "Content-Type" : "application/json; charset=utf-8"
    }
  },
  "uuid" : "7ad1cb2d-15ee-4dd9-9a44-00096c43f5d0",
  "persistent" : true,
  "scenarioName" : "scenario-85-viacep.com.br-ws-01006001-json",
  "requiredScenarioState" : "Started",
  "newScenarioState" : "scenario-85-viacep.com.br-ws-01006001-json-2",
  "insertionIndex" : 170
}