{
  "id" : "0bd29b93-304c-47b8-9434-405274c23264",
  "name" : "viacep.com.br_ws_01008903_json",
  "request" : {
    "url" : "/viacep.com.br/ws/01008903/json/",
    "method" : "GET"
  },
  "response" : {
    "status" : 200,
    "body" : "{\n  \"cep\": \"01008-903\",\n  \"logradouro\": \"Rua Líbero Badaró\",\n  \"complemento\": \"152\",\n  \"unidade\": \"Edifício Britânia\",\n  \"bairro\": \"Centro\",\n  \"localidade\": \"São Paulo\",\n  \"uf\": \"SP\",\n  \"estado\": \"São Paulo\",\n  \"regiao\": \"Sudeste\",\n  \"ibge\": \"3550308\",\n  \"gia\": \"1004\",\n  \"ddd\": \"11\",\n  \"siafi\": \"7107\"\n}",
    "headers" : {
      "Cache-Control" : [ "max-age=3600", "public" ],
      "Server" : "nginx/1.22.0",
      "Access-Control-Allow-Origin" : "*",
      "Access-Control-Allow-Credentials" : "true",
      "Access-Control-Allow-Methods" : "GET",
      "Pragma" : "public",
      "Expires" : "Sat, 30 Nov 2024 04:34:49 GMT",
      "Access-Control-Max-Age" : "86400",
      "Access-Control-Allow-Headers" : "Content-Type, X-Request-With, X-Requested-By",
      "Date" : "Sat, 30 Nov 2024 03:34:49 GMT",
      "Content-Type" : "application/json; charset=utf-8"
    }
  },
  "uuid" : "0bd29b93-304c-47b8-9434-405274c23264",
  "persistent" : true,
  "scenarioName" : "scenario-58-viacep.com.br-ws-01008903-json",
  "requiredScenarioState" : "scenario-58-viacep.com.br-ws-01008903-json-2",
  "insertionIndex" : 115
}