{
  "id" : "7553acce-d75a-422c-b055-097f89eb9070",
  "name" : "viacep.com.br_ws_01003900_json",
  "request" : {
    "url" : "/viacep.com.br/ws/01003900/json/",
    "method" : "GET"
  },
  "response" : {
    "status" : 200,
    "body" : "{\n  \"cep\": \"01003-900\",\n  \"logradouro\": \"Rua José Bonifácio\",\n  \"complemento\": \"24\",\n  \"unidade\": \"Edifício Triângulo\",\n  \"bairro\": \"Sé\",\n  \"localidade\": \"São Paulo\",\n  \"uf\": \"SP\",\n  \"estado\": \"São Paulo\",\n  \"regiao\": \"Sudeste\",\n  \"ibge\": \"3550308\",\n  \"gia\": \"1004\",\n  \"ddd\": \"11\",\n  \"siafi\": \"7107\"\n}",
    "headers" : {
      "Cache-Control" : [ "max-age=3600", "public" ],
      "Server" : "nginx/1.22.0",
      "Access-Control-Allow-Origin" : "*",
      "Access-Control-Allow-Credentials" : "true",
      "Access-Control-Allow-Methods" : "GET",
      "Pragma" : "public",
      "Expires" : "Sat, 30 Nov 2024 04:32:37 GMT",
      "Access-Control-Max-Age" : "86400",
      "Access-Control-Allow-Headers" : "Content-Type, X-Request-With, X-Requested-By",
      "Date" : "Sat, 30 Nov 2024 03:32:37 GMT",
      "Content-Type" : "application/json; charset=utf-8"
    }
  },
  "uuid" : "7553acce-d75a-422c-b055-097f89eb9070",
  "persistent" : true,
  "scenarioName" : "scenario-104-viacep.com.br-ws-01003900-json",
  "requiredScenarioState" : "Started",
  "newScenarioState" : "scenario-104-viacep.com.br-ws-01003900-json-2",
  "insertionIndex" : 208
}