{
  "id" : "12cbd690-0229-4c08-99f9-7b4f79667e5c",
  "name" : "viacep.com.br_ws_01014919_json",
  "request" : {
    "url" : "/viacep.com.br/ws/01014919/json/",
    "method" : "GET"
  },
  "response" : {
    "status" : 200,
    "body" : "{\n  \"cep\": \"01014-919\",\n  \"logradouro\": \"Rua Boa Vista\",\n  \"complemento\": \"176\",\n  \"unidade\": \"Banco Itaú S.A.\",\n  \"bairro\": \"Centro\",\n  \"localidade\": \"São Paulo\",\n  \"uf\": \"SP\",\n  \"estado\": \"São Paulo\",\n  \"regiao\": \"Sudeste\",\n  \"ibge\": \"3550308\",\n  \"gia\": \"1004\",\n  \"ddd\": \"11\",\n  \"siafi\": \"7107\"\n}",
    "headers" : {
      "Cache-Control" : [ "max-age=3600", "public" ],
      "Server" : "nginx/1.22.0",
      "Access-Control-Allow-Origin" : "*",
      "Access-Control-Allow-Credentials" : "true",
      "Access-Control-Allow-Methods" : "GET",
      "Pragma" : "public",
      "Expires" : "Sat, 30 Nov 2024 04:42:41 GMT",
      "Access-Control-Max-Age" : "86400",
      "Access-Control-Allow-Headers" : "Content-Type, X-Request-With, X-Requested-By",
      "Date" : "Sat, 30 Nov 2024 03:42:41 GMT",
      "Content-Type" : "application/json; charset=utf-8"
    }
  },
  "uuid" : "12cbd690-0229-4c08-99f9-7b4f79667e5c",
  "persistent" : true,
  "scenarioName" : "scenario-1536-viacep.com.br-ws-01014919-json",
  "requiredScenarioState" : "Started",
  "newScenarioState" : "scenario-1536-viacep.com.br-ws-01014919-json-2",
  "insertionIndex" : 3349
}