{
  "id" : "cfb421a9-8a61-4a02-9042-f8ce400d231d",
  "name" : "viacep.com.br_ws_01004903_json",
  "request" : {
    "url" : "/viacep.com.br/ws/01004903/json/",
    "method" : "GET"
  },
  "response" : {
    "status" : 200,
    "body" : "{\n  \"cep\": \"01004-903\",\n  \"logradouro\": \"Rua Quintino Bocaiúva\",\n  \"complemento\": \"231\",\n  \"unidade\": \"Edifício Itacolomi\",\n  \"bairro\": \"Sé\",\n  \"localidade\": \"São Paulo\",\n  \"uf\": \"SP\",\n  \"estado\": \"São Paulo\",\n  \"regiao\": \"Sudeste\",\n  \"ibge\": \"3550308\",\n  \"gia\": \"1004\",\n  \"ddd\": \"11\",\n  \"siafi\": \"7107\"\n}",
    "headers" : {
      "Cache-Control" : [ "max-age=3600", "public" ],
      "Server" : "nginx/1.22.0",
      "Access-Control-Allow-Origin" : "*",
      "Access-Control-Allow-Credentials" : "true",
      "Access-Control-Allow-Methods" : "GET",
      "Pragma" : "public",
      "Expires" : "Sat, 30 Nov 2024 04:33:08 GMT",
      "Access-Control-Max-Age" : "86400",
      "Access-Control-Allow-Headers" : "Content-Type, X-Request-With, X-Requested-By",
      "Date" : "Sat, 30 Nov 2024 03:33:08 GMT",
      "Content-Type" : "application/json; charset=utf-8"
    }
  },
  "uuid" : "cfb421a9-8a61-4a02-9042-f8ce400d231d",
  "persistent" : true,
  "scenarioName" : "scenario-93-viacep.com.br-ws-01004903-json",
  "requiredScenarioState" : "Started",
  "newScenarioState" : "scenario-93-viacep.com.br-ws-01004903-json-2",
  "insertionIndex" : 186
}