{
  "id" : "d8e2294b-9350-4b83-a357-8a535e5c1796",
  "name" : "viacep.com.br_ws_01013907_json",
  "request" : {
    "url" : "/viacep.com.br/ws/01013907/json/",
    "method" : "GET"
  },
  "response" : {
    "status" : 200,
    "body" : "{\n  \"cep\": \"01013-907\",\n  \"logradouro\": \"Rua Quinze de Novembro\",\n  \"complemento\": \"306\",\n  \"unidade\": \"Edifício Banco Itaú\",\n  \"bairro\": \"Centro\",\n  \"localidade\": \"São Paulo\",\n  \"uf\": \"SP\",\n  \"estado\": \"São Paulo\",\n  \"regiao\": \"Sudeste\",\n  \"ibge\": \"3550308\",\n  \"gia\": \"1004\",\n  \"ddd\": \"11\",\n  \"siafi\": \"7107\"\n}",
    "headers" : {
      "Cache-Control" : [ "max-age=3600", "public" ],
      "Server" : "nginx/1.22.0",
      "Access-Control-Allow-Origin" : "*",
      "Access-Control-Allow-Credentials" : "true",
      "Access-Control-Allow-Methods" : "GET",
      "Pragma" : "public",
      "Expires" : "Sat, 30 Nov 2024 04:37:03 GMT",
      "Access-Control-Max-Age" : "86400",
      "Access-Control-Allow-Headers" : "Content-Type, X-Request-With, X-Requested-By",
      "Date" : "Sat, 30 Nov 2024 03:37:03 GMT",
      "Content-Type" : "application/json; charset=utf-8"
    }
  },
  "uuid" : "d8e2294b-9350-4b83-a357-8a535e5c1796",
  "persistent" : true,
  "scenarioName" : "scenario-10-viacep.com.br-ws-01013907-json",
  "requiredScenarioState" : "Started",
  "newScenarioState" : "scenario-10-viacep.com.br-ws-01013907-json-2",
  "insertionIndex" : 20
}