{
  "id" : "fc043b15-1169-4d63-a3a2-fc78dea59b05",
  "name" : "viacep.com.br_ws_01007020_json",
  "request" : {
    "url" : "/viacep.com.br/ws/01007020/json/",
    "method" : "GET"
  },
  "response" : {
    "status" : 200,
    "body" : "{\n  \"cep\": \"01007-020\",\n  \"logradouro\": \"Praça da Bandeira\",\n  \"complemento\": \"\",\n  \"unidade\": \"\",\n  \"bairro\": \"Centro\",\n  \"localidade\": \"São Paulo\",\n  \"uf\": \"SP\",\n  \"estado\": \"São Paulo\",\n  \"regiao\": \"Sudeste\",\n  \"ibge\": \"3550308\",\n  \"gia\": \"1004\",\n  \"ddd\": \"11\",\n  \"siafi\": \"7107\"\n}",
    "headers" : {
      "Cache-Control" : [ "max-age=3600", "public" ],
      "Server" : "nginx/1.22.0",
      "Access-Control-Allow-Origin" : "*",
      "Access-Control-Allow-Credentials" : "true",
      "Access-Control-Allow-Methods" : "GET",
      "Pragma" : "public",
      "Expires" : "Sat, 30 Nov 2024 04:34:02 GMT",
      "Access-Control-Max-Age" : "86400",
      "Access-Control-Allow-Headers" : "Content-Type, X-Request-With, X-Requested-By",
      "Date" : "Sat, 30 Nov 2024 03:34:02 GMT",
      "Content-Type" : "application/json; charset=utf-8"
    }
  },
  "uuid" : "fc043b15-1169-4d63-a3a2-fc78dea59b05",
  "persistent" : true,
  "scenarioName" : "scenario-75-viacep.com.br-ws-01007020-json",
  "requiredScenarioState" : "scenario-75-viacep.com.br-ws-01007020-json-2",
  "insertionIndex" : 149
}