{
  "id" : "3021f84f-69c6-4524-81e9-f5c1a3c9c32c",
  "name" : "viacep.com.br_ws_01006903_json",
  "request" : {
    "url" : "/viacep.com.br/ws/01006903/json/",
    "method" : "GET"
  },
  "response" : {
    "status" : 200,
    "body" : "{\n  \"cep\": \"01006-903\",\n  \"logradouro\": \"Rua Senador Paulo Egídio\",\n  \"complemento\": \"15\",\n  \"unidade\": \"Edifício São Francisco\",\n  \"bairro\": \"Sé\",\n  \"localidade\": \"São Paulo\",\n  \"uf\": \"SP\",\n  \"estado\": \"São Paulo\",\n  \"regiao\": \"Sudeste\",\n  \"ibge\": \"3550308\",\n  \"gia\": \"1004\",\n  \"ddd\": \"11\",\n  \"siafi\": \"7107\"\n}",
    "headers" : {
      "Cache-Control" : [ "max-age=3600", "public" ],
      "Server" : "nginx/1.22.0",
      "Access-Control-Allow-Origin" : "*",
      "Access-Control-Allow-Credentials" : "true",
      "Access-Control-Allow-Methods" : "GET",
      "Pragma" : "public",
      "Expires" : "Sat, 30 Nov 2024 04:33:53 GMT",
      "Access-Control-Max-Age" : "86400",
      "Access-Control-Allow-Headers" : "Content-Type, X-Request-With, X-Requested-By",
      "Date" : "Sat, 30 Nov 2024 03:33:53 GMT",
      "Content-Type" : "application/json; charset=utf-8"
    }
  },
  "uuid" : "3021f84f-69c6-4524-81e9-f5c1a3c9c32c",
  "persistent" : true,
  "scenarioName" : "scenario-78-viacep.com.br-ws-01006903-json",
  "requiredScenarioState" : "Started",
  "newScenarioState" : "scenario-78-viacep.com.br-ws-01006903-json-2",
  "insertionIndex" : 156
}