{
  "id" : "5fd68497-d0c6-4bc7-89fd-c8f1a987518e",
  "name" : "viacep.com.br_ws_01017904_json",
  "request" : {
    "url" : "/viacep.com.br/ws/01017904/json/",
    "method" : "GET"
  },
  "response" : {
    "status" : 200,
    "body" : "{\n  \"cep\": \"01017-904\",\n  \"logradouro\": \"Avenida Rangel Pestana\",\n  \"complemento\": \"203\",\n  \"unidade\": \"Palácio Clóvis Beviláqua\",\n  \"bairro\": \"Sé\",\n  \"localidade\": \"São Paulo\",\n  \"uf\": \"SP\",\n  \"estado\": \"São Paulo\",\n  \"regiao\": \"Sudeste\",\n  \"ibge\": \"3550308\",\n  \"gia\": \"1004\",\n  \"ddd\": \"11\",\n  \"siafi\": \"7107\"\n}",
    "headers" : {
      "Cache-Control" : [ "max-age=3600", "public" ],
      "Server" : "nginx/1.22.0",
      "Access-Control-Allow-Origin" : "*",
      "Access-Control-Allow-Credentials" : "true",
      "Access-Control-Allow-Methods" : "GET",
      "Pragma" : "public",
      "Expires" : "Sat, 30 Nov 2024 04:42:44 GMT",
      "Access-Control-Max-Age" : "86400",
      "Access-Control-Allow-Headers" : "Content-Type, X-Request-With, X-Requested-By",
      "Date" : "Sat, 30 Nov 2024 03:42:44 GMT",
      "Content-Type" : "application/json; charset=utf-8"
    }
  },
  "uuid" : "5fd68497-d0c6-4bc7-89fd-c8f1a987518e",
  "persistent" : true,
  "scenarioName" : "scenario-1505-viacep.com.br-ws-01017904-json",
  "requiredScenarioState" : "scenario-1505-viacep.com.br-ws-01017904-json-2",
  "insertionIndex" : 3286
}