{
  "id" : "36ad2533-7447-47c8-9c13-88bee2cfe9c4",
  "name" : "viacep.com.br_ws_01010900_json",
  "request" : {
    "url" : "/viacep.com.br/ws/01010900/json/",
    "method" : "GET"
  },
  "response" : {
    "status" : 200,
    "body" : "{\n  \"cep\": \"01010-900\",\n  \"logradouro\": \"Praça Antônio Prado\",\n  \"complemento\": \"33\",\n  \"unidade\": \"Edifício Henrique Lara\",\n  \"bairro\": \"Centro\",\n  \"localidade\": \"São Paulo\",\n  \"uf\": \"SP\",\n  \"estado\": \"São Paulo\",\n  \"regiao\": \"Sudeste\",\n  \"ibge\": \"3550308\",\n  \"gia\": \"1004\",\n  \"ddd\": \"11\",\n  \"siafi\": \"7107\"\n}",
    "headers" : {
      "Cache-Control" : [ "max-age=3600", "public" ],
      "Server" : "nginx/1.22.0",
      "Access-Control-Allow-Origin" : "*",
      "Access-Control-Allow-Credentials" : "true",
      "Access-Control-Allow-Methods" : "GET",
      "Pragma" : "public",
      "Expires" : "Sat, 30 Nov 2024 04:35:36 GMT",
      "Access-Control-Max-Age" : "86400",
      "Access-Control-Allow-Headers" : "Content-Type, X-Request-With, X-Requested-By",
      "Date" : "Sat, 30 Nov 2024 03:35:36 GMT",
      "Content-Type" : "application/json; charset=utf-8"
    }
  },
  "uuid" : "36ad2533-7447-47c8-9c13-88bee2cfe9c4",
  "persistent" : true,
  "scenarioName" : "scenario-41-viacep.com.br-ws-01010900-json",
  "requiredScenarioState" : "Started",
  "newScenarioState" : "scenario-41-viacep.com.br-ws-01010900-json-2",
  "insertionIndex" : 82
}