{
  "id" : "60bc707e-4413-4d29-9563-bb5c86751c09",
  "name" : "viacep.com.br_ws_01013911_json",
  "request" : {
    "url" : "/viacep.com.br/ws/01013911/json/",
    "method" : "GET"
  },
  "response" : {
    "status" : 200,
    "body" : "{\n  \"cep\": \"01013-911\",\n  \"logradouro\": \"Rua Quinze de Novembro\",\n  \"complemento\": \"228\",\n  \"unidade\": \"Edifício Conde Eduardo de Matarazzo\",\n  \"bairro\": \"Centro\",\n  \"localidade\": \"São Paulo\",\n  \"uf\": \"SP\",\n  \"estado\": \"São Paulo\",\n  \"regiao\": \"Sudeste\",\n  \"ibge\": \"3550308\",\n  \"gia\": \"1004\",\n  \"ddd\": \"11\",\n  \"siafi\": \"7107\"\n}",
    "headers" : {
      "Cache-Control" : [ "max-age=3600", "public" ],
      "Server" : "nginx/1.22.0",
      "Access-Control-Allow-Origin" : "*",
      "Access-Control-Allow-Credentials" : "true",
      "Access-Control-Allow-Methods" : "GET",
      "Pragma" : "public",
      "Expires" : "Sat, 30 Nov 2024 04:37:12 GMT",
      "Access-Control-Max-Age" : "86400",
      "Access-Control-Allow-Headers" : "Content-Type, X-Request-With, X-Requested-By",
      "Date" : "Sat, 30 Nov 2024 03:37:12 GMT",
      "Content-Type" : "application/json; charset=utf-8"
    }
  },
  "uuid" : "60bc707e-4413-4d29-9563-bb5c86751c09",
  "persistent" : true,
  "scenarioName" : "scenario-7-viacep.com.br-ws-01013911-json",
  "requiredScenarioState" : "scenario-7-viacep.com.br-ws-01013911-json-2",
  "insertionIndex" : 13
}