{
  "id" : "52b062b9-1671-4347-900c-38e9e7129c60",
  "name" : "viacep.com.br_ws_01018001_json",
  "request" : {
    "url" : "/viacep.com.br/ws/01018001/json/",
    "method" : "GET"
  },
  "response" : {
    "status" : 200,
    "body" : "{\n  \"cep\": \"01018-001\",\n  \"logradouro\": \"Praça Clóvis Beviláqua\",\n  \"complemento\": \"lado ímpar\",\n  \"unidade\": \"\",\n  \"bairro\": \"Sé\",\n  \"localidade\": \"São Paulo\",\n  \"uf\": \"SP\",\n  \"estado\": \"São Paulo\",\n  \"regiao\": \"Sudeste\",\n  \"ibge\": \"3550308\",\n  \"gia\": \"1004\",\n  \"ddd\": \"11\",\n  \"siafi\": \"7107\"\n}",
    "headers" : {
      "Cache-Control" : [ "max-age=3600", "public" ],
      "Server" : "nginx/1.22.0",
      "Access-Control-Allow-Origin" : "*",
      "Access-Control-Allow-Credentials" : "true",
      "Access-Control-Allow-Methods" : "GET",
      "Pragma" : "public",
      "Expires" : "Sat, 30 Nov 2024 04:42:45 GMT",
      "Access-Control-Max-Age" : "86400",
      "Access-Control-Allow-Headers" : "Content-Type, X-Request-With, X-Requested-By",
      "Date" : "Sat, 30 Nov 2024 03:42:45 GMT",
      "Content-Type" : "application/json; charset=utf-8"
    }
  },
  "uuid" : "52b062b9-1671-4347-900c-38e9e7129c60",
  "persistent" : true,
  "scenarioName" : "scenario-1495-viacep.com.br-ws-01018001-json",
  "requiredScenarioState" : "scenario-1495-viacep.com.br-ws-01018001-json-2",
  "insertionIndex" : 3260
}