{
  "id" : "ddbf801d-a97e-4679-b49e-7171e786cd33",
  "name" : "viacep.com.br_ws_01013910_json",
  "request" : {
    "url" : "/viacep.com.br/ws/01013910/json/",
    "method" : "GET"
  },
  "response" : {
    "status" : 200,
    "body" : "{\n  \"cep\": \"01013-910\",\n  \"logradouro\": \"Rua Quinze de Novembro\",\n  \"complemento\": \"164\",\n  \"unidade\": \"ML Gomes Associados SC Ltda.\",\n  \"bairro\": \"Centro\",\n  \"localidade\": \"São Paulo\",\n  \"uf\": \"SP\",\n  \"estado\": \"São Paulo\",\n  \"regiao\": \"Sudeste\",\n  \"ibge\": \"3550308\",\n  \"gia\": \"1004\",\n  \"ddd\": \"11\",\n  \"siafi\": \"7107\"\n}",
    "headers" : {
      "Cache-Control" : [ "max-age=3600", "public" ],
      "Server" : "nginx/1.22.0",
      "Access-Control-Allow-Origin" : "*",
      "Access-Control-Allow-Credentials" : "true",
      "Access-Control-Allow-Methods" : "GET",
      "Pragma" : "public",
      "Expires" : "Sat, 30 Nov 2024 04:37:09 GMT",
      "Access-Control-Max-Age" : "86400",
      "Access-Control-Allow-Headers" : "Content-Type, X-Request-With, X-Requested-By",
      "Date" : "Sat, 30 Nov 2024 03:37:09 GMT",
      "Content-Type" : "application/json; charset=utf-8"
    }
  },
  "uuid" : "ddbf801d-a97e-4679-b49e-7171e786cd33",
  "persistent" : true,
  "scenarioName" : "scenario-8-viacep.com.br-ws-01013910-json",
  "requiredScenarioState" : "Started",
  "newScenarioState" : "scenario-8-viacep.com.br-ws-01013910-json-2",
  "insertionIndex" : 16
}