{
  "id" : "242ca081-d710-40a9-8efb-695eb302fca8",
  "name" : "viacep.com.br_ws_01013901_json",
  "request" : {
    "url" : "/viacep.com.br/ws/01013901/json/",
    "method" : "GET"
  },
  "response" : {
    "status" : 200,
    "body" : "{\n  \"cep\": \"01013-901\",\n  \"logradouro\": \"Rua do Tesouro\",\n  \"complemento\": \"23\",\n  \"unidade\": \"Edifício Azevedo Vilares\",\n  \"bairro\": \"Centro\",\n  \"localidade\": \"São Paulo\",\n  \"uf\": \"SP\",\n  \"estado\": \"São Paulo\",\n  \"regiao\": \"Sudeste\",\n  \"ibge\": \"3550308\",\n  \"gia\": \"1004\",\n  \"ddd\": \"11\",\n  \"siafi\": \"7107\"\n}",
    "headers" : {
      "Cache-Control" : [ "max-age=3600", "public" ],
      "Server" : "nginx/1.22.0",
      "Access-Control-Allow-Origin" : "*",
      "Access-Control-Allow-Credentials" : "true",
      "Access-Control-Allow-Methods" : "GET",
      "Pragma" : "public",
      "Expires" : "Sat, 30 Nov 2024 04:36:50 GMT",
      "Access-Control-Max-Age" : "86400",
      "Access-Control-Allow-Headers" : "Content-Type, X-Request-With, X-Requested-By",
      "Date" : "Sat, 30 Nov 2024 03:36:50 GMT",
      "Content-Type" : "application/json; charset=utf-8"
    }
  },
  "uuid" : "242ca081-d710-40a9-8efb-695eb302fca8",
  "persistent" : true,
  "scenarioName" : "scenario-15-viacep.com.br-ws-01013901-json",
  "requiredScenarioState" : "scenario-15-viacep.com.br-ws-01013901-json-2",
  "insertionIndex" : 29
}