{
  "id" : "d9a3d46e-9606-4e92-a719-33004ee54c50",
  "name" : "viacep.com.br_ws_01008904_json",
  "request" : {
    "url" : "/viacep.com.br/ws/01008904/json/",
    "method" : "GET"
  },
  "response" : {
    "status" : 200,
    "body" : "{\n  \"cep\": \"01008-904\",\n  \"logradouro\": \"Rua Líbero Badaró\",\n  \"complemento\": \"158\",\n  \"unidade\": \"Companhia Paulista de Seguros\",\n  \"bairro\": \"Centro\",\n  \"localidade\": \"São Paulo\",\n  \"uf\": \"SP\",\n  \"estado\": \"São Paulo\",\n  \"regiao\": \"Sudeste\",\n  \"ibge\": \"3550308\",\n  \"gia\": \"1004\",\n  \"ddd\": \"11\",\n  \"siafi\": \"7107\"\n}",
    "headers" : {
      "Cache-Control" : [ "max-age=3600", "public" ],
      "Server" : "nginx/1.22.0",
      "Access-Control-Allow-Origin" : "*",
      "Access-Control-Allow-Credentials" : "true",
      "Access-Control-Allow-Methods" : "GET",
      "Pragma" : "public",
      "Expires" : "Sat, 30 Nov 2024 04:34:52 GMT",
      "Access-Control-Max-Age" : "86400",
      "Access-Control-Allow-Headers" : "Content-Type, X-Request-With, X-Requested-By",
      "Date" : "Sat, 30 Nov 2024 03:34:52 GMT",
      "Content-Type" : "application/json; charset=utf-8"
    }
  },
  "uuid" : "d9a3d46e-9606-4e92-a719-33004ee54c50",
  "persistent" : true,
  "scenarioName" : "scenario-57-viacep.com.br-ws-01008904-json",
  "requiredScenarioState" : "Started",
  "newScenarioState" : "scenario-57-viacep.com.br-ws-01008904-json-2",
  "insertionIndex" : 114
}