{
  "id" : "e8976f18-7139-47ec-a512-c23f03adb998",
  "name" : "viacep.com.br_ws_01021200_json",
  "request" : {
    "url" : "/viacep.com.br/ws/01021200/json/",
    "method" : "GET"
  },
  "response" : {
    "status" : 200,
    "body" : "{\n  \"cep\": \"01021-200\",\n  \"logradouro\": \"Rua Vinte e Cinco de Março\",\n  \"complemento\": \"de 551 ao fim - lado ímpar\",\n  \"unidade\": \"\",\n  \"bairro\": \"Centro\",\n  \"localidade\": \"São Paulo\",\n  \"uf\": \"SP\",\n  \"estado\": \"São Paulo\",\n  \"regiao\": \"Sudeste\",\n  \"ibge\": \"3550308\",\n  \"gia\": \"1004\",\n  \"ddd\": \"11\",\n  \"siafi\": \"7107\"\n}",
    "headers" : {
      "Cache-Control" : [ "max-age=3600", "public" ],
      "Server" : "nginx/1.22.0",
      "Access-Control-Allow-Origin" : "*",
      "Access-Control-Allow-Credentials" : "true",
      "Access-Control-Allow-Methods" : "GET",
      "Pragma" : "public",
      "Expires" : "Sat, 30 Nov 2024 04:42:47 GMT",
      "Access-Control-Max-Age" : "86400",
      "Access-Control-Allow-Headers" : "Content-Type, X-Request-With, X-Requested-By",
      "Date" : "Sat, 30 Nov 2024 03:42:47 GMT",
      "Content-Type" : "application/json; charset=utf-8"
    }
  },
  "uuid" : "e8976f18-7139-47ec-a512-c23f03adb998",
  "persistent" : true,
  "scenarioName" : "scenario-1472-viacep.com.br-ws-01021200-json",
  "requiredScenarioState" : "Started",
  "newScenarioState" : "scenario-1472-viacep.com.br-ws-01021200-json-2",
  "insertionIndex" : 3221
}