{
  "id" : "450aa511-2ba1-4f51-927e-873467ba7b64",
  "name" : "viacep.com.br_ws_01014917_json",
  "request" : {
    "url" : "/viacep.com.br/ws/01014917/json/",
    "method" : "GET"
  },
  "response" : {
    "status" : 200,
    "body" : "{\n  \"cep\": \"01014-917\",\n  \"logradouro\": \"Rua João Brícola\",\n  \"complemento\": \"67\",\n  \"unidade\": \"Edifício Banco Interestadual\",\n  \"bairro\": \"Centro\",\n  \"localidade\": \"São Paulo\",\n  \"uf\": \"SP\",\n  \"estado\": \"São Paulo\",\n  \"regiao\": \"Sudeste\",\n  \"ibge\": \"3550308\",\n  \"gia\": \"1004\",\n  \"ddd\": \"11\",\n  \"siafi\": \"7107\"\n}",
    "headers" : {
      "Cache-Control" : [ "max-age=3600", "public" ],
      "Server" : "nginx/1.22.0",
      "Access-Control-Allow-Origin" : "*",
      "Access-Control-Allow-Credentials" : "true",
      "Access-Control-Allow-Methods" : "GET",
      "Pragma" : "public",
      "Expires" : "Sat, 30 Nov 2024 04:42:42 GMT",
      "Access-Control-Max-Age" : "86400",
      "Access-Control-Allow-Headers" : "Content-Type, X-Request-With, X-Requested-By",
      "Date" : "Sat, 30 Nov 2024 03:42:42 GMT",
      "Content-Type" : "application/json; charset=utf-8"
    }
  },
  "uuid" : "450aa511-2ba1-4f51-927e-873467ba7b64",
  "persistent" : true,
  "scenarioName" : "scenario-1535-viacep.com.br-ws-01014917-json",
  "requiredScenarioState" : "scenario-1535-viacep.com.br-ws-01014917-json-2",
  "insertionIndex" : 3340
}