{
  "id" : "19b36671-a421-461c-b237-e54c18a13eea",
  "name" : "viacep.com.br_ws_01011100_json",
  "request" : {
    "url" : "/viacep.com.br/ws/01011100/json/",
    "method" : "GET"
  },
  "response" : {
    "status" : 200,
    "body" : "{\n  \"cep\": \"01011-100\",\n  \"logradouro\": \"Rua São Bento\",\n  \"complemento\": \"de 321 ao fim - lado ímpar\",\n  \"unidade\": \"\",\n  \"bairro\": \"Centro\",\n  \"localidade\": \"São Paulo\",\n  \"uf\": \"SP\",\n  \"estado\": \"São Paulo\",\n  \"regiao\": \"Sudeste\",\n  \"ibge\": \"3550308\",\n  \"gia\": \"1004\",\n  \"ddd\": \"11\",\n  \"siafi\": \"7107\"\n}",
    "headers" : {
      "Cache-Control" : [ "max-age=3600", "public" ],
      "Server" : "nginx/1.22.0",
      "Access-Control-Allow-Origin" : "*",
      "Access-Control-Allow-Credentials" : "true",
      "Access-Control-Allow-Methods" : "GET",
      "Pragma" : "public",
      "Expires" : "Sat, 30 Nov 2024 04:35:56 GMT",
      "Access-Control-Max-Age" : "86400",
      "Access-Control-Allow-Headers" : "Content-Type, X-Request-With, X-Requested-By",
      "Date" : "Sat, 30 Nov 2024 03:35:56 GMT",
      "Content-Type" : "application/json; charset=utf-8"
    }
  },
  "uuid" : "19b36671-a421-461c-b237-e54c18a13eea",
  "persistent" : true,
  "scenarioName" : "scenario-34-viacep.com.br-ws-01011100-json",
  "requiredScenarioState" : "scenario-34-viacep.com.br-ws-01011100-json-2",
  "insertionIndex" : 67
}