{
  "id" : "2b92856b-e747-4154-9cb6-5fa90cb6e826",
  "name" : "viacep.com.br_ws_01008908_json",
  "request" : {
    "url" : "/viacep.com.br/ws/01008908/json/",
    "method" : "GET"
  },
  "response" : {
    "status" : 200,
    "body" : "{\n  \"cep\": \"01008-908\",\n  \"logradouro\": \"Rua Líbero Badaró\",\n  \"complemento\": \"600\",\n  \"unidade\": \"Secretaria de Estado da Segurança Pública de São Paulo\",\n  \"bairro\": \"Centro\",\n  \"localidade\": \"São Paulo\",\n  \"uf\": \"SP\",\n  \"estado\": \"São Paulo\",\n  \"regiao\": \"Sudeste\",\n  \"ibge\": \"3550308\",\n  \"gia\": \"1004\",\n  \"ddd\": \"11\",\n  \"siafi\": \"7107\"\n}",
    "headers" : {
      "Cache-Control" : [ "max-age=3600", "public" ],
      "Server" : "nginx/1.22.0",
      "Access-Control-Allow-Origin" : "*",
      "Access-Control-Allow-Credentials" : "true",
      "Access-Control-Allow-Methods" : "GET",
      "Pragma" : "public",
      "Expires" : "Sat, 30 Nov 2024 04:35:00 GMT",
      "Access-Control-Max-Age" : "86400",
      "Access-Control-Allow-Headers" : "Content-Type, X-Request-With, X-Requested-By",
      "Date" : "Sat, 30 Nov 2024 03:35:00 GMT",
      "Content-Type" : "application/json; charset=utf-8"
    }
  },
  "uuid" : "2b92856b-e747-4154-9cb6-5fa90cb6e826",
  "persistent" : true,
  "scenarioName" : "scenario-54-viacep.com.br-ws-01008908-json",
  "requiredScenarioState" : "Started",
  "newScenarioState" : "scenario-54-viacep.com.br-ws-01008908-json-2",
  "insertionIndex" : 108
}