{
  "id" : "08b7d6f6-9422-44eb-91c1-8ad7b95bb66c",
  "name" : "viacep.com.br_ws_01021900_json",
  "request" : {
    "url" : "/viacep.com.br/ws/01021900/json/",
    "method" : "GET"
  },
  "response" : {
    "status" : 200,
    "body" : "{\n  \"cep\": \"01021-900\",\n  \"logradouro\": \"Rua Vinte e Cinco de Março\",\n  \"complemento\": \"641\",\n  \"unidade\": \"Galeria Comercial Ragueb Chohfi\",\n  \"bairro\": \"Centro\",\n  \"localidade\": \"São Paulo\",\n  \"uf\": \"SP\",\n  \"estado\": \"São Paulo\",\n  \"regiao\": \"Sudeste\",\n  \"ibge\": \"3550308\",\n  \"gia\": \"1004\",\n  \"ddd\": \"11\",\n  \"siafi\": \"7107\"\n}",
    "headers" : {
      "Cache-Control" : [ "max-age=3600", "public" ],
      "Server" : "nginx/1.22.0",
      "Access-Control-Allow-Origin" : "*",
      "Access-Control-Allow-Credentials" : "true",
      "Access-Control-Allow-Methods" : "GET",
      "Pragma" : "public",
      "Expires" : "Sat, 30 Nov 2024 04:42:48 GMT",
      "Access-Control-Max-Age" : "86400",
      "Access-Control-Allow-Headers" : "Content-Type, X-Request-With, X-Requested-By",
      "Date" : "Sat, 30 Nov 2024 03:42:48 GMT",
      "Content-Type" : "application/json; charset=utf-8"
    }
  },
  "uuid" : "08b7d6f6-9422-44eb-91c1-8ad7b95bb66c",
  "persistent" : true,
  "scenarioName" : "scenario-1471-viacep.com.br-ws-01021900-json",
  "requiredScenarioState" : "scenario-1471-viacep.com.br-ws-01021900-json-2",
  "insertionIndex" : 3212
}