{
  "id" : "8ce167fd-1892-459f-bdf2-caecaa4b4e80",
  "name" : "viacep.com.br_ws_01022970_json",
  "request" : {
    "url" : "/viacep.com.br/ws/01022970/json/",
    "method" : "GET"
  },
  "response" : {
    "status" : 200,
    "body" : "{\n  \"cep\": \"01022-970\",\n  \"logradouro\": \"Rua Cavalheiro Basílio Jafet\",\n  \"complemento\": \"191\",\n  \"unidade\": \"AGF Basílio Jafet\",\n  \"bairro\": \"Centro\",\n  \"localidade\": \"São Paulo\",\n  \"uf\": \"SP\",\n  \"estado\": \"São Paulo\",\n  \"regiao\": \"Sudeste\",\n  \"ibge\": \"3550308\",\n  \"gia\": \"1004\",\n  \"ddd\": \"11\",\n  \"siafi\": \"7107\"\n}",
    "headers" : {
      "Cache-Control" : [ "max-age=3600", "public" ],
      "Server" : "nginx/1.22.0",
      "Access-Control-Allow-Origin" : "*",
      "Access-Control-Allow-Credentials" : "true",
      "Access-Control-Allow-Methods" : "GET",
      "Pragma" : "public",
      "Expires" : "Sat, 30 Nov 2024 04:42:49 GMT",
      "Access-Control-Max-Age" : "86400",
      "Access-Control-Allow-Headers" : "Content-Type, X-Request-With, X-Requested-By",
      "Date" : "Sat, 30 Nov 2024 03:42:49 GMT",
      "Content-Type" : "application/json; charset=utf-8"
    }
  },
  "uuid" : "8ce167fd-1892-459f-bdf2-caecaa4b4e80",
  "persistent" : true,
  "scenarioName" : "scenario-1459-viacep.com.br-ws-01022970-json",
  "requiredScenarioState" : "scenario-1459-viacep.com.br-ws-01022970-json-2",
  "insertionIndex" : 3192
}