{
  "id" : "28f13a94-95c3-4580-ab84-d00bee38f4cf",
  "name" : "viacep.com.br_ws_01024900_json",
  "request" : {
    "url" : "/viacep.com.br/ws/01024900/json/",
    "method" : "GET"
  },
  "response" : {
    "status" : 200,
    "body" : "{\n  \"cep\": \"01024-900\",\n  \"logradouro\": \"Rua da Cantareira\",\n  \"complemento\": \"306\",\n  \"unidade\": \"Mercado Central\",\n  \"bairro\": \"Centro\",\n  \"localidade\": \"São Paulo\",\n  \"uf\": \"SP\",\n  \"estado\": \"São Paulo\",\n  \"regiao\": \"Sudeste\",\n  \"ibge\": \"3550308\",\n  \"gia\": \"1004\",\n  \"ddd\": \"11\",\n  \"siafi\": \"7107\"\n}",
    "headers" : {
      "Cache-Control" : [ "max-age=3600", "public" ],
      "Server" : "nginx/1.22.0",
      "Access-Control-Allow-Origin" : "*",
      "Access-Control-Allow-Credentials" : "true",
      "Access-Control-Allow-Methods" : "GET",
      "Pragma" : "public",
      "Expires" : "Sat, 30 Nov 2024 04:42:50 GMT",
      "Access-Control-Max-Age" : "86400",
      "Access-Control-Allow-Headers" : "Content-Type, X-Request-With, X-Requested-By",
      "Date" : "Sat, 30 Nov 2024 03:42:50 GMT",
      "Content-Type" : "application/json; charset=utf-8"
    }
  },
  "uuid" : "28f13a94-95c3-4580-ab84-d00bee38f4cf",
  "persistent" : true,
  "scenarioName" : "scenario-1443-viacep.com.br-ws-01024900-json",
  "requiredScenarioState" : "scenario-1443-viacep.com.br-ws-01024900-json-2",
  "insertionIndex" : 3160
}