{
  "id" : "6dae1109-32e9-4ad2-85a5-0dab4677d2f5",
  "name" : "viacep.com.br_ws_01008901_json",
  "request" : {
    "url" : "/viacep.com.br/ws/01008901/json/",
    "method" : "GET"
  },
  "response" : {
    "status" : 200,
    "body" : "{\n  \"cep\": \"01008-901\",\n  \"logradouro\": \"Rua Doutor Miguel Couto\",\n  \"complemento\": \"58\",\n  \"unidade\": \"Edifício Yochpe\",\n  \"bairro\": \"Centro\",\n  \"localidade\": \"São Paulo\",\n  \"uf\": \"SP\",\n  \"estado\": \"São Paulo\",\n  \"regiao\": \"Sudeste\",\n  \"ibge\": \"3550308\",\n  \"gia\": \"1004\",\n  \"ddd\": \"11\",\n  \"siafi\": \"7107\"\n}",
    "headers" : {
      "Cache-Control" : [ "max-age=3600", "public" ],
      "Server" : "nginx/1.22.0",
      "Access-Control-Allow-Origin" : "*",
      "Access-Control-Allow-Credentials" : "true",
      "Access-Control-Allow-Methods" : "GET",
      "Pragma" : "public",
      "Expires" : "Sat, 30 Nov 2024 04:34:43 GMT",
      "Access-Control-Max-Age" : "86400",
      "Access-Control-Allow-Headers" : "Content-Type, X-Request-With, X-Requested-By",
      "Date" : "Sat, 30 Nov 2024 03:34:43 GMT",
      "Content-Type" : "application/json; charset=utf-8"
    }
  },
  "uuid" : "6dae1109-32e9-4ad2-85a5-0dab4677d2f5",
  "persistent" : true,
  "scenarioName" : "scenario-60-viacep.com.br-ws-01008901-json",
  "requiredScenarioState" : "Started",
  "newScenarioState" : "scenario-60-viacep.com.br-ws-01008901-json-2",
  "insertionIndex" : 120
}