{
  "id" : "ac24bdb9-14ff-4eed-8988-d3306484878c",
  "name" : "viacep.com.br_ws_01014020_json",
  "request" : {
    "url" : "/viacep.com.br/ws/01014020/json/",
    "method" : "GET"
  },
  "response" : {
    "status" : 200,
    "body" : "{\n  \"cep\": \"01014-020\",\n  \"logradouro\": \"Rua Três de Dezembro\",\n  \"complemento\": \"\",\n  \"unidade\": \"\",\n  \"bairro\": \"Centro\",\n  \"localidade\": \"São Paulo\",\n  \"uf\": \"SP\",\n  \"estado\": \"São Paulo\",\n  \"regiao\": \"Sudeste\",\n  \"ibge\": \"3550308\",\n  \"gia\": \"1004\",\n  \"ddd\": \"11\",\n  \"siafi\": \"7107\"\n}",
    "headers" : {
      "Cache-Control" : [ "max-age=3600", "public" ],
      "Server" : "nginx/1.22.0",
      "Access-Control-Allow-Origin" : "*",
      "Access-Control-Allow-Credentials" : "true",
      "Access-Control-Allow-Methods" : "GET",
      "Pragma" : "public",
      "Expires" : "Sat, 30 Nov 2024 04:37:29 GMT",
      "Access-Control-Max-Age" : "86400",
      "Access-Control-Allow-Headers" : "Content-Type, X-Request-With, X-Requested-By",
      "Date" : "Sat, 30 Nov 2024 03:37:29 GMT",
      "Content-Type" : "application/json; charset=utf-8"
    }
  },
  "uuid" : "ac24bdb9-14ff-4eed-8988-d3306484878c",
  "persistent" : true,
  "scenarioName" : "scenario-1-viacep.com.br-ws-01014020-json",
  "requiredScenarioState" : "scenario-1-viacep.com.br-ws-01014020-json-2",
  "insertionIndex" : 1
}