{
  "id" : "76310c0f-a15b-406a-ad81-90f964b41ddc",
  "name" : "viacep.com.br_ws_01014901_json",
  "request" : {
    "url" : "/viacep.com.br/ws/01014901/json/",
    "method" : "GET"
  },
  "response" : {
    "status" : 200,
    "body" : "{\n  \"cep\": \"01014-901\",\n  \"logradouro\": \"Rua Boa Vista\",\n  \"complemento\": \"84\",\n  \"unidade\": \"Edifício Gabriel Gonçalves\",\n  \"bairro\": \"Centro\",\n  \"localidade\": \"São Paulo\",\n  \"uf\": \"SP\",\n  \"estado\": \"São Paulo\",\n  \"regiao\": \"Sudeste\",\n  \"ibge\": \"3550308\",\n  \"gia\": \"1004\",\n  \"ddd\": \"11\",\n  \"siafi\": \"7107\"\n}",
    "headers" : {
      "Cache-Control" : [ "max-age=3600", "public" ],
      "Server" : "nginx/1.22.0",
      "Access-Control-Allow-Origin" : "*",
      "Access-Control-Allow-Credentials" : "true",
      "Access-Control-Allow-Methods" : "GET",
      "Pragma" : "public",
      "Expires" : "Sat, 30 Nov 2024 04:42:40 GMT",
      "Access-Control-Max-Age" : "86400",
      "Access-Control-Allow-Headers" : "Content-Type, X-Request-With, X-Requested-By",
      "Date" : "Sat, 30 Nov 2024 03:42:40 GMT",
      "Content-Type" : "application/json; charset=utf-8"
    }
  },
  "uuid" : "76310c0f-a15b-406a-ad81-90f964b41ddc",
  "persistent" : true,
  "scenarioName" : "scenario-1548-viacep.com.br-ws-01014901-json",
  "requiredScenarioState" : "Started",
  "newScenarioState" : "scenario-1548-viacep.com.br-ws-01014901-json-2",
  "insertionIndex" : 3379
}