{
  "id" : "226880ae-8657-48e2-868b-b8c3330c8db4",
  "name" : "viacep.com.br_ws_01017909_json",
  "request" : {
    "url" : "/viacep.com.br/ws/01017909/json/",
    "method" : "GET"
  },
  "response" : {
    "status" : 200,
    "body" : "{\n  \"cep\": \"01017-909\",\n  \"logradouro\": \"Rua Doutor Bettencourt Rodrigues\",\n  \"complemento\": \"155\",\n  \"unidade\": \"Palácio Luso Júnior\",\n  \"bairro\": \"Sé\",\n  \"localidade\": \"São Paulo\",\n  \"uf\": \"SP\",\n  \"estado\": \"São Paulo\",\n  \"regiao\": \"Sudeste\",\n  \"ibge\": \"3550308\",\n  \"gia\": \"1004\",\n  \"ddd\": \"11\",\n  \"siafi\": \"7107\"\n}",
    "headers" : {
      "Cache-Control" : [ "max-age=3600", "public" ],
      "Server" : "nginx/1.22.0",
      "Access-Control-Allow-Origin" : "*",
      "Access-Control-Allow-Credentials" : "true",
      "Access-Control-Allow-Methods" : "GET",
      "Pragma" : "public",
      "Expires" : "Sat, 30 Nov 2024 04:42:45 GMT",
      "Access-Control-Max-Age" : "86400",
      "Access-Control-Allow-Headers" : "Content-Type, X-Request-With, X-Requested-By",
      "Date" : "Sat, 30 Nov 2024 03:42:45 GMT",
      "Content-Type" : "application/json; charset=utf-8"
    }
  },
  "uuid" : "226880ae-8657-48e2-868b-b8c3330c8db4",
  "persistent" : true,
  "scenarioName" : "scenario-1498-viacep.com.br-ws-01017909-json",
  "requiredScenarioState" : "scenario-1498-viacep.com.br-ws-01017909-json-2",
  "insertionIndex" : 3271
}