{
  "id" : "a3a8cb87-40d5-4d90-865d-068e1c40179b",
  "name" : "viacep.com.br_ws_01012908_json",
  "request" : {
    "url" : "/viacep.com.br/ws/01012908/json/",
    "method" : "GET"
  },
  "response" : {
    "status" : 200,
    "body" : "{\n  \"cep\": \"01012-908\",\n  \"logradouro\": \"Rua da Quitanda\",\n  \"complemento\": \"113\",\n  \"unidade\": \"Edifício George Loeb\",\n  \"bairro\": \"Centro\",\n  \"localidade\": \"São Paulo\",\n  \"uf\": \"SP\",\n  \"estado\": \"São Paulo\",\n  \"regiao\": \"Sudeste\",\n  \"ibge\": \"3550308\",\n  \"gia\": \"1004\",\n  \"ddd\": \"11\",\n  \"siafi\": \"7107\"\n}",
    "headers" : {
      "Cache-Control" : [ "max-age=3600", "public" ],
      "Server" : "nginx/1.22.0",
      "Access-Control-Allow-Origin" : "*",
      "Access-Control-Allow-Credentials" : "true",
      "Access-Control-Allow-Methods" : "GET",
      "Pragma" : "public",
      "Expires" : "Sat, 30 Nov 2024 04:36:33 GMT",
      "Access-Control-Max-Age" : "86400",
      "Access-Control-Allow-Headers" : "Content-Type, X-Request-With, X-Requested-By",
      "Date" : "Sat, 30 Nov 2024 03:36:33 GMT",
      "Content-Type" : "application/json; charset=utf-8"
    }
  },
  "uuid" : "a3a8cb87-40d5-4d90-865d-068e1c40179b",
  "persistent" : true,
  "scenarioName" : "scenario-21-viacep.com.br-ws-01012908-json",
  "requiredScenarioState" : "Started",
  "newScenarioState" : "scenario-21-viacep.com.br-ws-01012908-json-2",
  "insertionIndex" : 42
}