{
  "id" : "af901950-a748-46f4-a512-b847e66552d7",
  "name" : "viacep.com.br_ws_01001901_json",
  "request" : {
    "url" : "/viacep.com.br/ws/01001901/json/",
    "method" : "GET"
  },
  "response" : {
    "status" : 200,
    "body" : "{\n  \"cep\": \"01001-901\",\n  \"logradouro\": \"Praça da Sé\",\n  \"complemento\": \"371\",\n  \"unidade\": \"Edifício Santa Lídia\",\n  \"bairro\": \"Sé\",\n  \"localidade\": \"São Paulo\",\n  \"uf\": \"SP\",\n  \"estado\": \"São Paulo\",\n  \"regiao\": \"Sudeste\",\n  \"ibge\": \"3550308\",\n  \"gia\": \"1004\",\n  \"ddd\": \"11\",\n  \"siafi\": \"7107\"\n}",
    "headers" : {
      "Cache-Control" : [ "max-age=3600", "public" ],
      "Server" : "nginx/1.22.0",
      "Access-Control-Allow-Origin" : "*",
      "Access-Control-Allow-Credentials" : "true",
      "Access-Control-Allow-Methods" : "GET",
      "Pragma" : "public",
      "Expires" : "Sat, 30 Nov 2024 04:32:01 GMT",
      "Access-Control-Max-Age" : "86400",
      "Access-Control-Allow-Headers" : "Content-Type, X-Request-With, X-Requested-By",
      "Date" : "Sat, 30 Nov 2024 03:32:01 GMT",
      "Content-Type" : "application/json; charset=utf-8"
    }
  },
  "uuid" : "af901950-a748-46f4-a512-b847e66552d7",
  "persistent" : true,
  "scenarioName" : "scenario-117-viacep.com.br-ws-01001901-json",
  "requiredScenarioState" : "scenario-117-viacep.com.br-ws-01001901-json-2",
  "insertionIndex" : 233
}