{
  "id" : "4c1f59e0-dd41-4ffa-ae48-fc359d703a28",
  "name" : "viacep.com.br_ws_01007905_json",
  "request" : {
    "url" : "/viacep.com.br/ws/01007905/json/",
    "method" : "GET"
  },
  "response" : {
    "status" : 200,
    "body" : "{\n  \"cep\": \"01007-905\",\n  \"logradouro\": \"Rua Riachuelo\",\n  \"complemento\": \"20\",\n  \"unidade\": \"Edifício Universal\",\n  \"bairro\": \"Sé\",\n  \"localidade\": \"São Paulo\",\n  \"uf\": \"SP\",\n  \"estado\": \"São Paulo\",\n  \"regiao\": \"Sudeste\",\n  \"ibge\": \"3550308\",\n  \"gia\": \"1004\",\n  \"ddd\": \"11\",\n  \"siafi\": \"7107\"\n}",
    "headers" : {
      "Cache-Control" : [ "max-age=3600", "public" ],
      "Server" : "nginx/1.22.0",
      "Access-Control-Allow-Origin" : "*",
      "Access-Control-Allow-Credentials" : "true",
      "Access-Control-Allow-Methods" : "GET",
      "Pragma" : "public",
      "Expires" : "Sat, 30 Nov 2024 04:34:29 GMT",
      "Access-Control-Max-Age" : "86400",
      "Access-Control-Allow-Headers" : "Content-Type, X-Request-With, X-Requested-By",
      "Date" : "Sat, 30 Nov 2024 03:34:29 GMT",
      "Content-Type" : "application/json; charset=utf-8"
    }
  },
  "uuid" : "4c1f59e0-dd41-4ffa-ae48-fc359d703a28",
  "persistent" : true,
  "scenarioName" : "scenario-65-viacep.com.br-ws-01007905-json",
  "requiredScenarioState" : "Started",
  "newScenarioState" : "scenario-65-viacep.com.br-ws-01007905-json-2",
  "insertionIndex" : 130
}