{
  "id" : "1f642182-7eae-4c9a-9cab-a9b281be6a38",
  "name" : "viacep.com.br_ws_01005900_json",
  "request" : {
    "url" : "/viacep.com.br/ws/01005900/json/",
    "method" : "GET"
  },
  "response" : {
    "status" : 200,
    "body" : "{\n  \"cep\": \"01005-900\",\n  \"logradouro\": \"Rua Benjamim Constant\",\n  \"complemento\": \"153\",\n  \"unidade\": \"Edifício Sinhara\",\n  \"bairro\": \"Sé\",\n  \"localidade\": \"São Paulo\",\n  \"uf\": \"SP\",\n  \"estado\": \"São Paulo\",\n  \"regiao\": \"Sudeste\",\n  \"ibge\": \"3550308\",\n  \"gia\": \"1004\",\n  \"ddd\": \"11\",\n  \"siafi\": \"7107\"\n}",
    "headers" : {
      "Cache-Control" : [ "max-age=3600", "public" ],
      "Server" : "nginx/1.22.0",
      "Access-Control-Allow-Origin" : "*",
      "Access-Control-Allow-Credentials" : "true",
      "Access-Control-Allow-Methods" : "GET",
      "Pragma" : "public",
      "Expires" : "Sat, 30 Nov 2024 04:33:28 GMT",
      "Access-Control-Max-Age" : "86400",
      "Access-Control-Allow-Headers" : "Content-Type, X-Request-With, X-Requested-By",
      "Date" : "Sat, 30 Nov 2024 03:33:28 GMT",
      "Content-Type" : "application/json; charset=utf-8"
    }
  },
  "uuid" : "1f642182-7eae-4c9a-9cab-a9b281be6a38",
  "persistent" : true,
  "scenarioName" : "scenario-87-viacep.com.br-ws-01005900-json",
  "requiredScenarioState" : "scenario-87-viacep.com.br-ws-01005900-json-2",
  "insertionIndex" : 173
}