{
  "id" : "42697966-47dc-40c3-9d63-d860c0ef3757",
  "name" : "viacep.com.br_ws_01001900_json",
  "request" : {
    "url" : "/viacep.com.br/ws/01001900/json/",
    "method" : "GET"
  },
  "response" : {
    "status" : 200,
    "body" : "{\n  \"cep\": \"01001-900\",\n  \"logradouro\": \"Praça da Sé\",\n  \"complemento\": \"108\",\n  \"unidade\": \"UNESP - Universidade Estadual Júlio de Mesquita Filho\",\n  \"bairro\": \"Sé\",\n  \"localidade\": \"São Paulo\",\n  \"uf\": \"SP\",\n  \"estado\": \"São Paulo\",\n  \"regiao\": \"Sudeste\",\n  \"ibge\": \"3550308\",\n  \"gia\": \"1004\",\n  \"ddd\": \"11\",\n  \"siafi\": \"7107\"\n}",
    "headers" : {
      "Cache-Control" : [ "max-age=3600", "public" ],
      "Server" : "nginx/1.22.0",
      "Access-Control-Allow-Origin" : "*",
      "Access-Control-Allow-Credentials" : "true",
      "Access-Control-Allow-Methods" : "GET",
      "Pragma" : "public",
      "Expires" : "Sat, 30 Nov 2024 04:31:58 GMT",
      "Access-Control-Max-Age" : "86400",
      "Access-Control-Allow-Headers" : "Content-Type, X-Request-With, X-Requested-By",
      "Date" : "Sat, 30 Nov 2024 03:31:58 GMT",
      "Content-Type" : "application/json; charset=utf-8"
    }
  },
  "uuid" : "42697966-47dc-40c3-9d63-d860c0ef3757",
  "persistent" : true,
  "scenarioName" : "scenario-118-viacep.com.br-ws-01001900-json",
  "requiredScenarioState" : "scenario-118-viacep.com.br-ws-01001900-json-2",
  "insertionIndex" : 235
}