{
  "id" : "c438b68d-e844-421a-bdb2-34b3e077c23a",
  "name" : "viacep.com.br_ws_01006900_json",
  "request" : {
    "url" : "/viacep.com.br/ws/01006900/json/",
    "method" : "GET"
  },
  "response" : {
    "status" : 200,
    "body" : "{\n  \"cep\": \"01006-900\",\n  \"logradouro\": \"Rua Senador Feijó\",\n  \"complemento\": \"69\",\n  \"unidade\": \"Edifício Ivani\",\n  \"bairro\": \"Sé\",\n  \"localidade\": \"São Paulo\",\n  \"uf\": \"SP\",\n  \"estado\": \"São Paulo\",\n  \"regiao\": \"Sudeste\",\n  \"ibge\": \"3550308\",\n  \"gia\": \"1004\",\n  \"ddd\": \"11\",\n  \"siafi\": \"7107\"\n}",
    "headers" : {
      "Cache-Control" : [ "max-age=3600", "public" ],
      "Server" : "nginx/1.22.0",
      "Access-Control-Allow-Origin" : "*",
      "Access-Control-Allow-Credentials" : "true",
      "Access-Control-Allow-Methods" : "GET",
      "Pragma" : "public",
      "Expires" : "Sat, 30 Nov 2024 04:33:47 GMT",
      "Access-Control-Max-Age" : "86400",
      "Access-Control-Allow-Headers" : "Content-Type, X-Request-With, X-Requested-By",
      "Date" : "Sat, 30 Nov 2024 03:33:47 GMT",
      "Content-Type" : "application/json; charset=utf-8"
    }
  },
  "uuid" : "c438b68d-e844-421a-bdb2-34b3e077c23a",
  "persistent" : true,
  "scenarioName" : "scenario-80-viacep.com.br-ws-01006900-json",
  "requiredScenarioState" : "Started",
  "newScenarioState" : "scenario-80-viacep.com.br-ws-01006900-json-2",
  "insertionIndex" : 160
}