{
  "id" : "4872a0b7-98fa-4ff6-ac73-37984f91627d",
  "name" : "viacep.com.br_ws_01021903_json",
  "request" : {
    "url" : "/viacep.com.br/ws/01021903/json/",
    "method" : "GET"
  },
  "response" : {
    "status" : 200,
    "body" : "{\n  \"cep\": \"01021-903\",\n  \"logradouro\": \"Rua Vinte e Cinco de Março\",\n  \"complemento\": \"1003\",\n  \"unidade\": \"Edifício Riskalah Jorge\",\n  \"bairro\": \"Centro\",\n  \"localidade\": \"São Paulo\",\n  \"uf\": \"SP\",\n  \"estado\": \"São Paulo\",\n  \"regiao\": \"Sudeste\",\n  \"ibge\": \"3550308\",\n  \"gia\": \"1004\",\n  \"ddd\": \"11\",\n  \"siafi\": \"7107\"\n}",
    "headers" : {
      "Cache-Control" : [ "max-age=3600", "public" ],
      "Server" : "nginx/1.22.0",
      "Access-Control-Allow-Origin" : "*",
      "Access-Control-Allow-Credentials" : "true",
      "Access-Control-Allow-Methods" : "GET",
      "Pragma" : "public",
      "Expires" : "Sat, 30 Nov 2024 04:42:47 GMT",
      "Access-Control-Max-Age" : "86400",
      "Access-Control-Allow-Headers" : "Content-Type, X-Request-With, X-Requested-By",
      "Date" : "Sat, 30 Nov 2024 03:42:47 GMT",
      "Content-Type" : "application/json; charset=utf-8"
    }
  },
  "uuid" : "4872a0b7-98fa-4ff6-ac73-37984f91627d",
  "persistent" : true,
  "scenarioName" : "scenario-1469-viacep.com.br-ws-01021903-json",
  "requiredScenarioState" : "Started",
  "newScenarioState" : "scenario-1469-viacep.com.br-ws-01021903-json-2",
  "insertionIndex" : 3218
}