{
  "id" : "76e0bc35-4dcd-4277-9f29-cac7958a0831",
  "name" : "viacep.com.br_ws_01023903_json",
  "request" : {
    "url" : "/viacep.com.br/ws/01023903/json/",
    "method" : "GET"
  },
  "response" : {
    "status" : 200,
    "body" : "{\n  \"cep\": \"01023-903\",\n  \"logradouro\": \"Rua Comendador Afonso Kherlakian\",\n  \"complemento\": \"79\",\n  \"unidade\": \"Edifício Serop Kherlakian\",\n  \"bairro\": \"Centro\",\n  \"localidade\": \"São Paulo\",\n  \"uf\": \"SP\",\n  \"estado\": \"São Paulo\",\n  \"regiao\": \"Sudeste\",\n  \"ibge\": \"3550308\",\n  \"gia\": \"1004\",\n  \"ddd\": \"11\",\n  \"siafi\": \"7107\"\n}",
    "headers" : {
      "Cache-Control" : [ "max-age=3600", "public" ],
      "Server" : "nginx/1.22.0",
      "Access-Control-Allow-Origin" : "*",
      "Access-Control-Allow-Credentials" : "true",
      "Access-Control-Allow-Methods" : "GET",
      "Pragma" : "public",
      "Expires" : "Sat, 30 Nov 2024 04:42:50 GMT",
      "Access-Control-Max-Age" : "86400",
      "Access-Control-Allow-Headers" : "Content-Type, X-Request-With, X-Requested-By",
      "Date" : "Sat, 30 Nov 2024 03:42:50 GMT",
      "Content-Type" : "application/json; charset=utf-8"
    }
  },
  "uuid" : "76e0bc35-4dcd-4277-9f29-cac7958a0831",
  "persistent" : true,
  "scenarioName" : "scenario-1447-viacep.com.br-ws-01023903-json",
  "requiredScenarioState" : "scenario-1447-viacep.com.br-ws-01023903-json-2",
  "insertionIndex" : 3164
}