{
  "id" : "181b97e5-8d86-44c4-bffb-d681db99b601",
  "name" : "viacep.com.br_ws_01001001_json",
  "request" : {
    "url" : "/viacep.com.br/ws/01001001/json/",
    "method" : "GET"
  },
  "response" : {
    "status" : 200,
    "body" : "{\n  \"cep\": \"01001-001\",\n  \"logradouro\": \"Praça da Sé\",\n  \"complemento\": \"lado par\",\n  \"unidade\": \"\",\n  \"bairro\": \"Sé\",\n  \"localidade\": \"São Paulo\",\n  \"uf\": \"SP\",\n  \"estado\": \"São Paulo\",\n  \"regiao\": \"Sudeste\",\n  \"ibge\": \"3550308\",\n  \"gia\": \"1004\",\n  \"ddd\": \"11\",\n  \"siafi\": \"7107\"\n}",
    "headers" : {
      "Cache-Control" : [ "max-age=3600", "public" ],
      "Server" : "nginx/1.22.0",
      "Access-Control-Allow-Origin" : "*",
      "Access-Control-Allow-Credentials" : "true",
      "Access-Control-Allow-Methods" : "GET",
      "Pragma" : "public",
      "Expires" : "Sat, 30 Nov 2024 04:31:53 GMT",
      "Access-Control-Max-Age" : "86400",
      "Access-Control-Allow-Headers" : "Content-Type, X-Request-With, X-Requested-By",
      "Date" : "Sat, 30 Nov 2024 03:31:53 GMT",
      "Content-Type" : "application/json; charset=utf-8"
    }
  },
  "uuid" : "181b97e5-8d86-44c4-bffb-d681db99b601",
  "persistent" : true,
  "scenarioName" : "scenario-120-viacep.com.br-ws-01001001-json",
  "requiredScenarioState" : "scenario-120-viacep.com.br-ws-01001001-json-2",
  "insertionIndex" : 239
}